inputobjs_input_id,inputobjs_input_ra,inputobjs_input_dec,catalogue_designation,catalogue_obsdate,catalogue_ra_obs,catalogue_dec_obs,catalogue_snrr,catalogue_snri,catalogue_class,catalogue_subclass,catalogue_z,catalogue_z_err,catalogue_magtype,catalogue_mag1,catalogue_mag2,catalogue_mag3,catalogue_mag4,catalogue_mag5,catalogue_mag6,catalogue_mag7,catalogue_tsource,catalogue_fibertype,catalogue_tfrom,catalogue_tcomment,catalogue_offsets,catalogue_offset_v,catalogue_ra,catalogue_dec,stellar_teff,stellar_teff_err,stellar_logg,stellar_logg_err,stellar_feh,stellar_feh_err,stellar_rv,stellar_rv_err,astellar_kp12,astellar_kp18,astellar_kp6,astellar_hdelta12,astellar_hdelta24,astellar_hdelta48,astellar_hdelta64,astellar_hgamma12,astellar_hgamma24,astellar_hgamma48,astellar_hgamma54,astellar_hbeta12,astellar_hbeta24,astellar_hbeta48,astellar_hbeta60,astellar_halpha12,astellar_halpha24,astellar_halpha48,astellar_halpha70,astellar_paschen13,astellar_paschen142,astellar_paschen242,astellar_halpha_d02,astellar_hbeta_d02,astellar_hgamma_d02,astellar_hdelta_d02,mstellar_ewha,mstellar_ewerr,mstellar_tio5,mstellar_cah2,mstellar_cah3,mstellar_tio1,mstellar_tio2,mstellar_tio3,mstellar_tio4,mstellar_cah1,mstellar_caoh,mstellar_tio5err,mstellar_cah2err,mstellar_cah3err,mstellar_tio1err,mstellar_tio2err,mstellar_tio3err,mstellar_tio4err,mstellar_cah1err,mstellar_caoherr,mstellar_zeta,mstellar_zetaerr,mstellar_type,mstellar_na,obsfits_file
1,7.544125,40.128056,J003010.59+400741.0,2012-12-04,7.5441518,40.128073,35.05,65.6,STAR,M0,-1.76E-4,3.0E-6,ugrizjh,99.0,17.25,15.73,14.95,99.0,99.0,99.0,PILOT,Obj,SDSS,XY0030+4131_B1,0,0.0,7.5441518,40.128073,,,,,,,,,,,,,,,,,,,,,,,,,,,,,,,,,,,0.263592,0.017171,0.788886,0.650273,0.814551,0.855632,0.897492,0.896136,0.886357,0.755464,0.752943,0.003659,0.002819,0.003452,0.004259,0.005097,0.004163,0.00412,0.002273,0.003452,0.770696,0.016604,-9999.0,0.966887,M31007N41B1/spec-56266-M31007N41B1_sp05-090.fits
4,10.429708,31.458306,J004143.13+312729.9,2013-12-20,10.429733,31.458308,13.26,23.14,STAR,M0,-4.58E-4,2.2E-5,ugrizjh,99.0,19.31,17.73,17.19,99.0,99.0,99.0,PILOT,Obj,,M31_010N33_M1,0,0.0,10.429733,31.458308,,,,,,,,,,,,,,,,,,,,,,,,,,,,,,,,,,,-0.071313,0.125578,0.895614,0.688565,0.823479,0.902258,0.949553,0.963836,0.977351,0.770851,0.846288,0.027308,0.018484,0.02177,0.032698,0.039583,0.032571,0.033272,0.018133,0.02177,0.439177,0.121469,0.0,1.048482,M31010N33M1/spec-56647-M31010N33M1_sp01-062.fits
5,11.557625,33.836194,J004613.83+335010.3,2011-12-15,11.55766,33.836202,10.82,26.45,STAR,M0,4.6E-5,6.0E-6,ugrizjh,99.0,17.65,16.08,15.28,99.0,99.0,99.0,PILOT,Obj,-,XY0049+3458_B2,0,0.0,11.55766,33.836202,,,,,,,,,,,,,,,,,,,,,,,,,,,,,,,,,,,0.501799,0.031069,0.885724,0.639459,0.807373,0.874909,0.924451,0.938514,0.940149,0.760656,0.822066,0.006602,0.004329,0.005218,0.007651,0.009678,0.007873,0.007792,0.004168,0.005218,0.396527,0.02409,-9999.0,1.001788,M31_007N34_B2/spec-55911-M31_007N34_B2_sp05-222.fits
6,13.1765,31.929194,J005242.36+315545.1,2013-12-20,13.176508,31.929203,15.11,24.39,STAR,M0,-4.84E-4,1.9E-5,ugrizjh,99.0,18.47,16.92,16.26,99.0,99.0,99.0,PILOT,Obj,,M31_010N33_M1,0,0.0,13.176508,31.929203,,,,,,,,,,,,,,,,,,,,,,,,,,,,,,,,,,,0.277158,0.106842,1.011223,0.77354,0.883324,0.916027,1.008208,0.946579,1.025423,0.812341,0.863012,0.026166,0.017593,0.01996,0.027385,0.035737,0.026868,0.028821,0.015663,0.01996,-0.079699,0.186015,-9999.0,1.038408,M31010N33M1/spec-56647-M31010N33M1_sp07-126.fits
7,20.251417,-1.421389,J012100.34-012517.0,2013-11-03,20.2514211,-1.4213976,11.7,23.92,STAR,M0,-7.4E-5,1.2E-5,ugrizri,21.72,19.04,17.46,16.57,16.08,17.71,16.83,LEGUE_WH,Obj,21F_UNOBS_STAR,SD012100.34-012517.00.0,0,0.0,20.2514211,-1.4213976,,,,,,,,,,,,,,,,,,,,,,,,,,,,,,,,,,,0.235751,0.089641,0.72047,0.557112,0.713788,0.838789,0.866733,0.85059,0.825336,0.680015,0.681171,0.018449,0.013475,0.016679,0.024395,0.027004,0.021686,0.02111,0.010567,0.016679,0.640875,0.050312,-9999.0,0.927469,EG012606S021203F02/spec-56600-EG012606S021203F02_sp14-081.fits
9,21.56425,35.341833,J012615.42+352030.6,2013-12-30,21.564258,35.341851,10.61,23.38,STAR,M0,-2.02E-4,2.2E-5,ugrizjh,99.0,18.72,17.19,16.45,99.0,99.0,99.0,PILOT,Obj,,M31_020N36_M1,0,0.0,21.564258,35.341851,,,,,,,,,,,,,,,,,,,,,,,,,,,,,,,,,,,0.162556,0.139174,0.840232,0.665014,0.830647,0.879907,0.939004,0.93974,0.93085,0.791977,0.771145,0.02737,0.019094,0.023174,0.036366,0.041875,0.034263,0.033554,0.020093,0.023174,0.63895,0.124086,-9999.0,1.005168,M31020N36M1/spec-56657-M31020N36M1_sp08-104.fits
12,38.181417,7.599167,J023243.54+073557.0,2013-12-28,38.18143,7.5991703,16.46,31.11,STAR,M0,4.39E-4,1.1E-5,gri,18.95,17.67,16.87,99.0,99.0,99.0,99.0,LEGUE_LCH,Obj,PS1,-4707053258974059894,0,0.0,38.18143,7.5991703,,,,,,,,,,,,,,,,,,,,,,,,,,,,,,,,,,,0.649164,0.056501,0.8474,0.708645,0.855973,0.86242,0.920594,0.935804,0.933719,0.822834,0.879868,0.01211,0.008785,0.010413,0.014324,0.01781,0.014925,0.01491,0.0079,0.010413,0.763977,0.070602,-9999.0,1.089186,EG024123N083137M01/spec-56655-EG024123N083137M01_sp10-184.fits
14,39.035542,9.911361,J023608.53+095440.9,2013-12-28,39.0355432,9.9113849,31.12,58.58,STAR,M0,-3.05E-4,8.0E-6,gri,18.15,16.87,16.12,99.0,99.0,99.0,99.0,LEGUE_LCH,Obj,PS1,-4905317195694631791,0,0.0,39.0355432,9.9113849,,,,,,,,,,,,,,,,,,,,,,,,,,,,,,,,,,,0.318127,0.010069,0.83982,0.650046,0.816722,0.884496,0.92452,0.932812,0.944345,0.772235,0.781261,0.002257,0.001605,0.001972,0.002424,0.003645,0.002433,0.002457,0.001362,0.001972,0.588033,0.009338,-9999.0,0.98154,EG024123N083137M01/spec-56655-EG024123N083137M01_sp16-197.fits
15,40.534292,6.924722,J024208.23+065529.0,2013-12-28,40.53432,6.92473,31.63,52.07,STAR,M0,-1.25E-4,8.0E-6,ugriz,22.41,18.81,17.22,16.5,16.09,10.0,0.36,LEGAS_SSY,Obj,SDSS,SD024208.23+065529.0,0,0.0,40.53432,6.92473,,,,,,,,,,,,,,,,,,,,,,,,,,,,,,,,,,,0.170123,0.032231,0.93246,0.784929,0.895078,0.931192,0.958831,0.972171,0.966825,0.834034,0.8572,0.007206,0.005611,0.006318,0.007363,0.009132,0.007641,0.007565,0.004233,0.006318,0.528359,0.05949,-9999.0,0.981265,EG024123N083137M01/spec-56655-EG024123N083137M01_sp01-141.fits
16,45.3105,24.707944,J030114.52+244228.6,2013-11-04,45.310537,24.707953,21.83,44.98,STAR,M0,3.34E-4,4.0E-6,ugrizjh,99.0,18.28,16.6,15.85,99.0,99.0,99.0,PILOT,Obj,,XY0305+2515_M1,0,0.0,45.310537,24.707953,,,,,,,,,,,,,,,,,,,,,,,,,,,,,,,,,,,0.721399,0.028666,0.898595,0.623194,0.768809,0.840303,0.956268,0.950547,0.963102,0.704377,0.864613,0.006771,0.004482,0.005392,0.006762,0.008772,0.00711,0.007162,0.003224,0.005392,0.304568,0.021025,-9999.0,1.043115,GAC046N25M1/spec-56601-GAC046N25M1_sp03-050.fits
18,50.731708,24.726806,J032255.61+244336.5,2012-10-24,50.731745,24.726811,15.41,25.51,STAR,M0,-8.0E-6,1.1E-5,ugrizjh,99.0,18.23,16.81,16.16,99.0,99.0,99.0,PILOT,Obj,SDSS,XY0324+2443_M1,0,0.0,50.731745,24.726811,,,,,,,,,,,,,,,,,,,,,,,,,,,,,,,,,,,-0.290239,0.078507,0.933664,0.758316,0.884369,0.917773,0.944193,0.958989,0.968625,0.817735,0.905752,0.018145,0.012818,0.014756,0.021492,0.024789,0.020997,0.02096,0.011497,0.014756,0.444736,0.126543,0.0,1.036386,GAC051N24M1/spec-56225-GAC051N24M1_sp04-165.fits
19,50.952875,24.5415,J032348.69+243229.4,2012-10-24,50.952881,24.541519,13.11,21.88,STAR,M0,4.14E-4,1.7E-5,ugrizjh,99.0,18.59,17.06,16.26,99.0,99.0,99.0,PILOT,Obj,SDSS,XY0324+2443_M1,0,0.0,50.952881,24.541519,,,,,,,,,,,,,,,,,,,,,,,,,,,,,,,,,,,0.488317,0.101086,0.870593,0.749672,0.879455,0.902423,0.910077,0.93187,0.93771,0.855713,0.873867,0.02094,0.015416,0.017866,0.025904,0.030336,0.025503,0.026001,0.01415,0.017866,0.822201,0.153205,-9999.0,1.053441,GAC051N24M1/spec-56225-GAC051N24M1_sp04-197.fits
20,56.965875,25.791833,J034751.81+254730.6,2012-10-12,56.96591,25.791836,18.17,45.76,STAR,M1,-3.22E-4,2.0E-6,ugrizjh,99.0,17.33,15.77,14.74,99.0,99.0,99.0,PILOT,Obj,-,XY0344+2417_B1,0,0.0,56.96591,25.791836,,,,,,,,,,,,,,,,,,,,,,,,,,,,,,,,,,,0.22121,0.011336,0.679129,0.527668,0.729892,0.80387,0.809164,0.826458,0.823138,0.697886,0.593956,0.002185,0.001608,0.002136,0.002964,0.003209,0.002623,0.002645,0.001502,0.002136,0.716695,0.006125,-9999.0,0.914261,GAC056N24B1/spec-56213-GAC056N24B1_sp12-137.fits
21,57.807292,28.18475,J035113.75+281105.1,2013-12-03,57.807315,28.18477,13.69,24.8,STAR,M0,4.79E-4,1.2E-5,ugrizjh,99.0,18.46,17.06,16.27,99.0,99.0,99.0,PILOT,Obj,,XY0341+2842_M1,0,0.0,57.807315,28.18477,,,,,,,,,,,,,,,,,,,,,,,,,,,,,,,,,,,0.108969,0.085672,0.889897,0.762734,0.883734,0.902479,0.939041,0.921536,1.003932,0.86913,0.820418,0.018985,0.013905,0.016086,0.02219,0.027164,0.021942,0.024064,0.012923,0.016086,0.74947,0.144341,-9999.0,1.06348,GAC055N28M1/spec-56630-GAC055N28M1_sp06-172.fits
22,60.756375,15.540889,J040301.53+153227.2,2014-12-24,60.756416,15.540892,37.44,60.28,STAR,M0,-9.04E-4,6.0E-6,ugrizjh,99.0,17.54,16.01,15.27,99.0,99.0,99.0,PILOT,Obj,LAMOST,XY0354+1636_B2,0,0.0,60.756416,15.540892,,,,,,,,,,,,,,,,,,,,,,,,,,,,,,,,,,,-0.132327,0.01461,0.852902,0.768566,0.880997,0.911172,0.939875,0.94912,0.943442,0.834013,0.853137,0.003268,0.002542,0.002872,0.004065,0.004902,0.004036,0.00407,0.002177,0.002872,1.013914,0.027499,0.0,0.996626,GAC058N16B2/spec-57016-GAC058N16B2_sp06-109.fits
23,62.800042,1.307222,J041112.01+011826.0,2013-11-07,62.8000427,1.3072446,16.01,30.39,STAR,M0,6.22E-4,1.8E-5,gri,19.11,17.63,16.95,99.0,99.0,99.0,99.0,LEGUE_LCH,Obj,PS1,-5606172295518174097,0,0.0,62.8000427,1.3072446,,,,,,,,,,,,,,,,,,,,,,,,,,,,,,,,,,,0.913111,0.078202,0.84906,0.718899,0.831588,0.92509,0.931793,0.944552,0.943704,0.773974,0.819599,0.015881,0.011699,0.013252,0.020417,0.023877,0.019839,0.019978,0.00984,0.013252,0.719911,0.087133,-9999.0,0.979891,EG041109N021906M01/spec-56604-EG041109N021906M01_sp05-127.fits
25,71.909625,27.600278,J044738.31+273601.0,2013-02-09,71.909645,27.600296,59.58,101.88,STAR,M0,-8.1E-5,9.0E-6,ugrizjh,99.0,0.0,14.74,14.0,99.0,99.0,99.0,PILOT,Obj,,xuyi_r,0,0.0,71.909645,27.600296,,,,,,,,,,,,,,,,,,,,,,,,,,,,,,,,,,,0.332026,0.008169,0.821401,0.6899,0.819274,0.874338,0.917992,0.927967,0.928838,0.742619,0.810255,0.002159,0.001654,0.001928,0.002061,0.003533,0.002375,0.002364,0.001019,0.001928,0.744679,0.01077,-9999.0,0.946183,GAC072N28B1/spec-56333-GAC072N28B1_sp05-062.fits
25,71.909625,27.600278,J044738.31+273601.0,2014-10-21,71.909645,27.600296,105.68,165.39,STAR,M1,-7.2E-5,8.0E-6,ugrizjh,99.0,0.0,14.74,14.0,99.0,99.0,99.0,PILOT,Obj,,XY0449+2821_B1,0,0.0,71.909645,27.600296,,,,,,,,,,,,,,,,,,,,,,,,,,,,,,,,,,,0.273448,0.006226,0.817899,0.677256,0.808867,0.87536,0.918889,0.934314,0.918472,0.737254,0.804561,0.001391,0.001021,0.001185,0.001683,0.00214,0.001775,0.001735,7.78E-4,0.001185,0.707597,0.006339,-9999.0,0.96047,GAC072N28B1/spec-56952-GAC072N28B1_sp05-062.fits
27,83.642375,22.214056,J053434.17+221250.6,2013-12-26,83.642375,22.214072,18.69,34.54,STAR,M0,6.38E-4,1.3E-5,ugrizjh,99.0,19.02,17.38,16.68,99.0,99.0,99.0,PILOT,Obj,,XY0542+2239_M1,0,0.0,83.642375,22.214072,,,,,,,,,,,,,,,,,,,,,,,,,,,,,,,,,,,-0.376333,0.08187,0.979478,0.931431,0.984825,0.967886,1.017342,0.988472,0.964037,0.93701,0.926029,0.021436,0.01737,0.018366,0.023173,0.030301,0.023959,0.023564,0.012706,0.018366,0.418742,0.437826,0.0,0.987324,GAC085N22M1/spec-56653-GAC085N22M1_sp10-070.fits
29,89.294542,34.533278,J055710.69+343159.8,2012-10-12,89.294564,34.533283,13.35,19.08,STAR,M0,-4.67E-4,4.0E-6,ugrizjh,99.0,17.44,15.95,15.32,99.0,99.0,99.0,PILOT,Obj,-,XY0600+3308_B1,0,0.0,89.294564,34.533283,,,,,,,,,,,,,,,,,,,,,,,,,,,,,,,,,,,0.454524,0.018381,0.947174,0.835721,0.91512,0.910876,0.969919,0.98739,0.967028,0.809192,0.915495,0.004384,0.003344,0.00365,0.004812,0.006238,0.005001,0.004987,0.002557,0.00365,0.566412,0.048745,-9999.0,0.975347,GAC090N33B1/spec-56213-GAC090N33B1_sp15-154.fits
30,94.17575,36.810722,J061642.18+364838.6,2014-03-05,94.175784,36.810739,85.78,148.33,STAR,M0,1.26E-4,8.0E-6,ugrizjh,99.0,15.93,14.43,13.55,99.0,99.0,99.0,PILOT,Obj,,XY0617+3508_B1,0,0.0,94.175784,36.810739,,,,,,,,,,,,,,,,,,,,,,,,,,,,,,,,,,,1.553297,0.008323,0.817493,0.653049,0.798032,0.903252,0.863763,0.9092,0.908129,0.810824,0.842251,0.001618,0.001208,0.001446,0.001824,0.002561,0.001796,0.001796,0.001022,0.001446,0.640818,0.006608,1.0,0.861217,GAC094N35B1/spec-56722-GAC094N35B1_sp11-099.fits
31,95.894458,26.945583,J062334.67+265644.1,2013-01-11,95.894462,26.94559,11.15,21.58,STAR,M0,2.63E-4,1.7E-5,ugrizjh,99.0,19.0,17.47,16.81,99.0,99.0,99.0,PILOT,Obj,SDSS,XY0618+2712_M1,0,0.0,95.894462,26.94559,,,,,,,,,,,,,,,,,,,,,,,,,,,,,,,,,,,-0.226726,0.105963,0.809622,0.702033,0.816898,0.885685,0.921458,0.958713,0.948276,0.773255,0.767852,0.022783,0.017049,0.019562,0.029344,0.035648,0.030495,0.02984,0.014396,0.019562,0.818617,0.119068,0.0,1.041559,GAC094N27M1/spec-56304-GAC094N27M1_sp08-086.fits
32,96.056042,33.947611,J062413.45+335651.4,2013-12-01,96.056042,33.947621,25.3,37.52,STAR,M0,-5.05E-4,1.0E-5,ugrizjh,99.0,17.89,16.47,15.78,99.0,99.0,99.0,PILOT,Obj,,XY0617+3508_M1,0,0.0,96.056042,33.947621,,,,,,,,,,,,,,,,,,,,,,,,,,,,,,,,,,,0.161999,0.090334,0.854439,0.780726,0.880651,0.866584,0.927844,0.944664,0.956465,0.835042,0.858767,0.020654,0.016208,0.018084,0.023344,0.030888,0.025136,0.025942,0.012555,0.018084,1.053063,0.183066,-9999.0,0.99465,GAC094N35M1/spec-56628-GAC094N35M1_sp07-179.fits
33,96.252917,30.946861,J062500.70+305648.7,2013-01-06,96.252943,30.946888,13.33,25.23,STAR,M0,4.4E-4,1.1E-5,ugrizjh,99.0,18.29,16.78,16.07,99.0,99.0,99.0,PILOT,Obj,SDSS,XY0625+3216_M1,0,0.0,96.252943,30.946888,,,,,,,,,,,,,,,,,,,,,,,,,,,,,,,,,,,0.105177,0.072591,0.823976,0.639019,0.796494,0.911728,0.927396,0.949234,0.943023,0.730689,0.740483,0.015206,0.01037,0.012569,0.020467,0.023303,0.019515,0.01958,0.009453,0.012569,0.592111,0.057462,-9999.0,1.001238,GAC096N32M1/spec-56299-GAC096N32M1_sp05-016.fits
36,98.240958,32.580694,J063257.83+323450.5,2012-11-14,98.240995,32.58072,10.84,19.2,STAR,M0,-1.47E-4,4.4E-5,ugrizjh,99.0,19.69,18.04,17.35,99.0,99.0,99.0,PILOT,Obj,SDSS,XY0633+3301_F1,0,0.0,98.240995,32.58072,,,,,,,,,,,,,,,,,,,,,,,,,,,,,,,,,,,0.122055,0.25224,0.962248,0.740034,0.887684,0.918631,0.978256,0.950722,0.96304,0.771237,0.851602,0.063557,0.045866,0.054199,0.060243,0.078886,0.062304,0.062736,0.031818,0.054199,0.238543,0.407011,-9999.0,1.088807,GAC098N33F1/spec-56246-GAC098N33F1_sp04-139.fits
37,98.447958,23.843389,J063347.51+235036.2,2014-03-04,98.447977,23.843399,71.39,117.56,STAR,M0,5.7E-5,1.0E-5,ugrizjh,99.0,17.11,15.62,15.02,99.0,99.0,99.0,PILOT,Obj,,XY0639+2436_B1,0,0.0,98.447977,23.843399,,,,,,,,,,,,,,,,,,,,,,,,,,,,,,,,,,,-0.320968,0.005599,0.921928,0.793776,0.882086,0.912411,0.965203,0.957174,0.956715,0.868091,0.889086,0.001402,0.001119,0.001236,0.001355,0.002208,0.001445,0.001438,8.46E-4,0.001236,0.600096,0.011576,0.0,0.926672,GAC099N24B1/spec-56721-GAC099N24B1_sp10-151.fits
38,102.690208,52.229667,J065045.65+521346.8,2013-02-02,102.69023,52.229691,23.12,58.44,STAR,M0,3.01E-4,7.0E-6,ugrijhk,99.0,99.0,99.0,99.0,11.4,10.83,10.67,PILOT,Obj,,XY0645+5305_V2,0,0.0,102.69023,52.229691,,,,,,,,,,,,,,,,,,,,,,,,,,,,,,,,,,,,,,,,,,,,,,,,,,,,,,,,,,,GAC101N53V2/spec-56326-GAC101N53V2_sp08-014.fits
40,107.641083,27.305056,J071033.86+271818.2,2012-01-24,107.64112,27.305082,12.0,28.61,STAR,M0,1.08E-4,1.5E-5,ugrizjh,99.0,18.62,17.13,16.28,99.0,99.0,99.0,PILOT,Obj,-,XY0715+2753_M1,0,0.0,107.64112,27.305082,,,,,,,,,,,,,,,,,,,,,,,,,,,,,,,,,,,0.355132,0.085689,0.735872,0.596513,0.787187,0.840962,0.852586,0.877384,0.883847,0.77518,0.742925,0.01562,0.011772,0.015081,0.021377,0.022326,0.018636,0.019341,0.011316,0.015081,0.777157,0.058718,-9999.0,0.944556,GAC_108N27_M1/spec-55951-GAC_108N27_M1_sp03-231.fits
41,108.600375,27.655111,J071424.09+273918.4,2011-11-23,108.60039,27.655125,18.8,30.27,STAR,M0,-1.29E-4,1.1E-5,ugrizjh,99.0,16.68,15.18,14.57,99.0,99.0,99.0,PILOT,Obj,-,XY0715+2753_B1,0,0.0,108.60039,27.655125,,,,,,,,,,,,,,,,,,,,,,,,,,,,,,,,,,,0.030437,0.009912,0.969035,0.777432,0.88934,0.967374,0.996401,1.011208,0.986545,0.854127,0.879875,0.002416,0.001806,0.002041,0.002353,0.003041,0.002521,0.002423,0.001334,0.002041,0.229093,0.018061,-9999.0,0.950985,GAC_107N27_B1/spec-55889-GAC_107N27_B1_sp04-184.fits
43,109.495208,35.715833,J071758.85+354257.0,2013-12-05,109.49523,35.715841,17.12,31.42,STAR,M0,2.48E-4,1.6E-5,ugrizjh,99.0,19.31,17.85,17.12,99.0,99.0,99.0,PILOT,Obj,,XY0709+3633_M1,0,0.0,109.49523,35.715841,,,,,,,,,,,,,,,,,,,,,,,,,,,,,,,,,,,0.089362,0.117051,0.907429,0.7566,0.868765,0.907022,0.950724,0.932954,0.93399,0.837737,0.823644,0.025126,0.018293,0.020788,0.029718,0.035995,0.028464,0.028511,0.016894,0.020788,0.57959,0.169243,-9999.0,0.964389,GAC107N36M1/spec-56632-GAC107N36M1_sp06-207.fits
44,110.8335,25.603028,J072320.04+253610.9,2013-02-10,110.83352,25.603035,17.35,30.2,STAR,M0,0.001304,3.0E-6,ugrizjh,99.0,17.3,15.84,15.18,99.0,99.0,99.0,PILOT,Obj,,xuyi_r,0,0.0,110.83352,25.603035,,,,,,,,,,,,,,,,,,,,,,,,,,,,,,,,,,,0.176955,0.017426,0.873316,0.762271,0.88703,0.905654,0.908828,0.924154,0.937618,0.841079,0.846062,0.003771,0.002866,0.003265,0.004278,0.005369,0.004463,0.004527,0.002508,0.003265,0.872278,0.030171,-9999.0,1.016642,GAC110N25B1/spec-56334-GAC110N25B1_sp15-115.fits
45,111.320792,29.056472,J072516.99+290323.3,2011-11-23,111.32082,29.056484,14.63,29.56,STAR,M0,1.76E-4,7.0E-6,ugrizjh,99.0,15.84,14.44,13.7,99.0,99.0,99.0,PILOT,Obj,-,XY0715+2753_B1,0,0.0,111.32082,29.056484,,,,,,,,,,,,,,,,,,,,,,,,,,,,,,,,,,,0.307302,0.003646,0.891863,0.758673,0.901673,0.969943,0.938219,0.995579,0.91893,0.917403,0.898678,7.65E-4,5.66E-4,6.63E-4,9.98E-4,0.001104,9.47E-4,8.74E-4,5.66E-4,6.63E-4,0.778991,0.006183,-9999.0,0.982401,GAC_107N27_B1/spec-55889-GAC_107N27_B1_sp12-210.fits
45,111.320792,29.056472,J072516.99+290323.3,2011-12-21,111.32082,29.056484,20.44,37.73,STAR,M0,2.15E-4,3.0E-6,ugrizjh,99.0,15.84,14.44,13.7,99.0,99.0,99.0,PILOT,Obj,-,XY0715+2753_B1,0,0.0,111.32082,29.056484,,,,,,,,,,,,,,,,,,,,,,,,,,,,,,,,,,,-0.32793,0.003713,0.9425,0.782222,0.915934,0.921179,0.967111,0.967961,0.977195,0.920657,0.919782,8.37E-4,6.02E-4,6.98E-4,9.82E-4,0.001181,9.54E-4,9.67E-4,6.21E-4,6.98E-4,0.486448,0.007347,0.0,0.95636,GAC_107N27_B1/spec-55917-GAC_107N27_B1_sp12-210.fits
45,111.320792,29.056472,J072516.99+290323.3,2015-01-29,111.32082,29.056484,47.9,72.13,STAR,M0,3.28E-4,9.0E-6,ugrizjh,99.0,15.84,14.44,13.7,99.0,99.0,99.0,PILOT,Obj,LAMOST,XY0734+2841_B1,0,0.0,111.32082,29.056484,,,,,,,,,,,,,,,,,,,,,,,,,,,,,,,,,,,0.062799,0.004272,0.895744,0.77747,0.88558,0.91117,0.950841,0.953668,0.95433,0.862862,0.850591,9.51E-4,7.66E-4,8.62E-4,0.001043,0.001517,0.001009,0.001006,5.81E-4,8.62E-4,0.759483,0.007822,-9999.0,0.977332,GAC113N28B1/spec-57052-GAC113N28B1_sp14-192.fits
46,114.646958,34.664861,J073835.27+343953.5,2013-11-05,114.64699,34.664884,30.21,50.82,STAR,M0,-4.68E-4,5.0E-6,ugrizjh,99.0,18.16,16.65,15.91,99.0,99.0,99.0,PILOT,Obj,,xuyi_r,0,0.0,114.64699,34.664884,,,,,,,,,,,,,,,,,,,,,,,,,,,,,,,,,,,-0.033752,0.03372,0.832399,0.669219,0.816348,0.875867,0.924773,0.922173,0.940551,0.783156,0.793966,0.007126,0.005003,0.005975,0.009064,0.010803,0.008768,0.009039,0.004929,0.005975,0.650171,0.031518,0.0,1.006412,GAC112N35M1/spec-56602-GAC112N35M1_sp06-100.fits
47,116.187375,27.446722,J074444.97+272648.2,2013-12-30,116.1874,27.446724,18.01,35.54,STAR,M0,3.48E-4,2.7E-5,ugrizjh,99.0,19.01,17.51,16.77,99.0,99.0,99.0,PILOT,Obj,,XY0749+2721_M1,0,0.0,116.1874,27.446724,,,,,,,,,,,,,,,,,,,,,,,,,,,,,,,,,,,0.199616,0.135372,0.944852,0.790846,0.943405,0.906871,0.986805,0.919885,0.932581,0.825353,0.8287,0.032399,0.025279,0.029732,0.030018,0.050394,0.030233,0.030478,0.018175,0.029732,0.548106,0.336366,-9999.0,0.979861,GAC117N27M1/spec-56657-GAC117N27M1_sp03-152.fits
48,116.731417,28.223222,J074655.54+281323.6,2013-12-30,116.73144,28.223224,12.33,23.14,STAR,M0,8.4E-5,3.6E-5,ugrizjh,99.0,19.06,17.78,17.06,99.0,99.0,99.0,PILOT,Obj,,XY0749+2721_M1,0,0.0,116.73144,28.223224,,,,,,,,,,,,,,,,,,,,,,,,,,,,,,,,,,,1.129593,0.21392,0.859688,0.775371,0.892966,0.922122,0.97244,0.909625,0.864347,0.804708,0.802999,0.044563,0.036815,0.041948,0.04794,0.060436,0.046602,0.045512,0.026635,0.041948,1.0449,0.411834,1.0,0.957737,GAC117N27M1/spec-56657-GAC117N27M1_sp15-245.fits
49,116.736333,21.840528,J074656.72+215025.9,2014-12-13,116.73634,21.840531,24.04,43.46,STAR,M0,5.49E-4,5.0E-6,ugrizjh,99.0,16.92,15.52,14.93,99.0,99.0,99.0,PILOT,Obj,LAMOST,XY0745+2018_B1,0,0.0,116.73634,21.840531,,,,,,,,,,,,,,,,,,,,,,,,,,,,,,,,,,,-0.122316,0.035075,0.911431,0.831705,0.906599,0.918512,0.962133,0.968201,0.952674,0.888017,0.907067,0.0084,0.00704,0.007621,0.008731,0.013256,0.008911,0.008705,0.004874,0.007621,0.89666,0.095034,0.0,0.989389,GAC116N20B1/spec-57005-GAC116N20B1_sp12-142.fits
50,118.59975,29.127528,J075423.94+290739.1,2013-12-30,118.59978,29.127532,17.77,32.0,STAR,M0,6.87E-4,1.2E-5,ugrizjh,99.0,18.92,17.55,16.92,99.0,99.0,99.0,PILOT,Obj,,XY0749+2721_M1,0,0.0,118.59978,29.127532,,,,,,,,,,,,,,,,,,,,,,,,,,,,,,,,,,,-0.201743,0.078628,0.916903,0.784421,0.922054,0.902841,0.957927,0.944876,0.948842,0.877341,0.843509,0.016987,0.012567,0.014568,0.020601,0.024092,0.019405,0.019737,0.012623,0.014568,0.729163,0.161415,0.0,0.985177,GAC117N27M1/spec-56657-GAC117N27M1_sp12-051.fits
51,119.717417,21.859722,J075852.18+215135.0,2013-12-28,119.71743,21.859741,12.56,22.42,STAR,M0,2.49E-4,9.0E-6,ugrizjh,99.0,18.95,17.5,16.77,99.0,99.0,99.0,PILOT,Obj,,XY0806+2227_M1,0,0.0,119.71743,21.859741,,,,,,,,,,,,,,,,,,,,,,,,,,,,,,,,,,,0.050779,0.062692,0.899605,0.678322,0.875367,0.873633,0.954269,0.924573,0.926738,0.760604,0.759599,0.016182,0.011271,0.014228,0.016586,0.020578,0.01589,0.01583,0.008339,0.014228,0.484066,0.083561,-9999.0,0.97867,GAC121N22M1/spec-56655-GAC121N22M1_sp10-053.fits
52,119.8365,52.991139,J075920.76+525928.1,2014-03-23,119.83653,52.991141,45.26,92.48,STAR,M0,7.1E-5,3.0E-6,ugrijhk,0.0,17.13,15.65,14.85,13.18,12.61,12.37,PILOT,Obj,-,-,0,0.0,119.83653,52.991141,,,,,,,,,,,,,,,,,,,,,,,,,,,,,,,,,,,-0.059031,0.009682,0.775602,0.660786,0.821583,0.863265,0.887137,0.898111,0.883917,0.794644,0.739682,0.002056,0.001628,0.001982,0.00248,0.003521,0.002219,0.002201,0.001383,0.001982,0.862252,0.010273,0.0,0.92766,GAC120N54B1/spec-56740-GAC120N54B1_sp05-095.fits
53,121.638625,32.195944,J080633.27+321145.4,2012-11-19,121.63863,32.195963,11.26,25.66,STAR,M1,3.01E-4,1.1E-5,ugrizjh,99.0,19.11,17.59,16.51,99.0,99.0,99.0,PILOT,Obj,SDSS,XY0804+3301_M1,0,0.0,121.63863,32.195963,,,,,,,,,,,,,,,,,,,,,,,,,,,,,,,,,,,0.532434,0.084168,0.676205,0.448212,0.638796,0.814582,0.829973,0.859898,0.811971,0.613705,0.620681,0.014617,0.009122,0.012152,0.023575,0.024862,0.020952,0.019238,0.010344,0.012152,0.546423,0.027191,-9999.0,0.970931,GAC121N33M1/spec-56251-GAC121N33M1_sp08-166.fits
55,130.36625,-1.234222,J084127.90-011403.2,2013-03-24,130.36626,-1.2342242,19.69,27.86,STAR,M0,2.83E-4,8.0E-6,ugrijhk,99.0,15.3,13.85,13.14,11.5,10.85,10.64,PILOT,Obj,,XY0838+0041_V1,0,0.0,130.36626,-1.2342242,,,,,,,,,,,,,,,,,,,,,,,,,,,,,,,,,,,1.116721,0.001624,0.835337,0.740866,0.83518,0.926904,0.918924,0.912794,0.937794,0.839093,0.880876,3.62E-4,2.96E-4,3.3E-4,3.89E-4,4.9E-4,4.0E-4,4.12E-4,2.18E-4,3.3E-4,0.858151,0.002322,1.0,0.884934,GAC129N00V1/spec-56376-GAC129N00V1_sp07-153.fits
56,131.425833,25.356528,J084542.20+252123.5,2013-12-01,131.4258338,25.3565301,13.64,24.96,STAR,M0,0.001185,1.0E-5,gri,18.63,17.37,16.74,99.0,99.0,99.0,99.0,LEGUE_LCH,Obj,PS1,6281237250600702754,0,0.0,131.4258338,25.3565301,,,,,,,,,,,,,,,,,,,,,,,,,,,,,,,,,,,0.322701,0.082138,0.926448,0.764329,0.885544,0.918733,0.989282,0.979463,0.97349,0.829284,0.874485,0.019903,0.015274,0.017471,0.020062,0.02602,0.021047,0.019422,0.011413,0.017471,0.507618,0.145438,-9999.0,1.016135,HD085527N262435M01/spec-56628-HD085527N262435M01_sp10-183.fits
57,131.504875,27.383889,J084601.17+272302.0,2013-12-01,131.5048882,27.3838889,17.91,33.27,STAR,M0,2.38E-4,8.0E-6,gri,18.64,17.26,16.38,99.0,99.0,99.0,99.0,LEGUE_LCH,Obj,PS1,6389218088543678472,0,0.0,131.5048882,27.3838889,,,,,,,,,,,,,,,,,,,,,,,,,,,,,,,,,,,0.295756,0.056181,0.745412,0.531247,0.726944,0.836844,0.855423,0.897529,0.88023,0.670797,0.686729,0.010706,0.007,0.009096,0.015413,0.016796,0.014178,0.01383,0.007394,0.009096,0.569341,0.027075,-9999.0,0.910743,HD085527N262435M01/spec-56628-HD085527N262435M01_sp14-014.fits
58,138.528,30.842861,J091406.72+305034.3,2012-01-13,138.528002,30.842863,21.21,23.48,STAR,M0,-6.6E-5,4.0E-6,ugrizjh,19.74,17.11,15.63,15.01,14.62,13.41,12.94,PILOT,Obj,-,-,0,0.0,138.528002,30.842863,,,,,,,,,,,,,,,,,,,,,,,,,,,,,,,,,,,0.045724,0.01592,0.891478,0.736446,0.852247,0.916412,0.941544,0.956944,0.979256,0.789833,0.8708,0.003533,0.00255,0.002901,0.004233,0.005123,0.004239,0.004317,0.002131,0.002901,0.591874,0.020988,-9999.0,0.973421,B5594004/spec-55940-B5594004_sp03-009.fits
58,138.528,30.842861,J091406.72+305034.3,2012-02-02,138.528002,30.842863,20.63,37.28,STAR,M0,-6.0E-6,3.0E-6,ugrizjh,19.74,17.11,15.63,15.01,14.62,13.41,12.94,PILOT,Obj,-,-,0,0.0,138.528002,30.842863,,,,,,,,,,,,,,,,,,,,,,,,,,,,,,,,,,,0.134553,0.020389,0.888424,0.734378,0.852266,0.907844,0.959036,0.975323,0.946157,0.80179,0.866961,0.004455,0.003223,0.003673,0.005375,0.006537,0.005453,0.005296,0.002884,0.003673,0.604024,0.026384,-9999.0,0.975324,B5596002/spec-55960-B5596002_sp03-009.fits
59,141.855917,17.183611,J092725.42+171101.0,2012-01-23,141.85593,17.183631,11.62,23.44,STAR,M0,8.9E-5,1.1E-5,ugriz,21.87,19.0,17.44,16.71,16.3,99.0,99.0,PILOT,Obj,-,.,0,0.0,141.85593,17.183631,,,,,,,,,,,,,,,,,,,,,,,,,,,,,,,,,,,0.166372,0.063688,0.797787,0.625463,0.792415,0.868109,0.912476,0.924256,0.877843,0.724491,0.721558,0.012578,0.008774,0.010724,0.017222,0.019522,0.016464,0.015757,0.008289,0.010724,0.648936,0.046753,-9999.0,0.955624,F5595003/spec-55950-F5595003_sp04-225.fits
60,144.485792,28.654722,J093756.59+283917.0,2014-03-22,144.485801,28.6547321,25.99,41.53,STAR,M0,2.06E-4,8.0E-6,gri,18.39,17.14,16.49,99.0,99.0,99.0,99.0,LEGUE_LCH,Obj,PS1,5794021658100612364,0,0.0,144.485801,28.6547321,,,,,,,,,,,,,,,,,,,,,,,,,,,,,,,,,,,-0.079925,0.061453,0.869884,0.770468,0.885549,0.926585,0.935599,0.942779,0.924572,0.839907,0.810587,0.013156,0.010004,0.011337,0.016684,0.019178,0.015739,0.01584,0.00952,0.011337,0.920782,0.109202,0.0,1.000234,HD093318N282204M/spec-56739-HD093318N282204M_sp09-012.fits
61,144.924875,27.861361,J093941.97+275140.9,2014-03-22,144.9249061,27.8613883,23.75,46.64,STAR,M0,7.4E-5,7.0E-6,gri,18.47,17.14,16.41,99.0,99.0,99.0,99.0,LEGUE_LCH,Obj,PS1,5721999248434921213,0,0.0,144.9249061,27.8613883,,,,,,,,,,,,,,,,,,,,,,,,,,,,,,,,,,,0.270499,0.05505,0.870743,0.618036,0.781038,0.872587,0.925096,0.961364,0.969976,0.703684,0.814502,0.01257,0.008485,0.010448,0.01287,0.020194,0.012831,0.013766,0.006486,0.010448,0.395188,0.04072,-9999.0,1.045145,HD093318N282204M/spec-56739-HD093318N282204M_sp06-090.fits
62,148.713042,8.864639,J095451.13+085152.7,2014-01-25,148.713048,8.864641,16.83,27.46,STAR,M0,-9.4E-5,5.0E-6,gri,17.9,16.79,16.07,99.0,99.0,99.0,99.0,LEGUE_LCH,Obj,PS1,4443838971378055863,0,0.0,148.713048,8.864641,,,,,,,,,,,,,,,,,,,,,,,,,,,,,,,,,,,0.081438,0.033562,0.903181,0.774232,0.888567,0.934433,0.944405,0.991522,0.974217,0.822485,0.850685,0.007974,0.006322,0.00716,0.008306,0.012556,0.008758,0.00872,0.004645,0.00716,0.704576,0.064386,-9999.0,0.984738,HD095839N105737B/spec-56683-HD095839N105737B_sp02-123.fits
63,149.523167,33.63375,J095805.56+333801.5,2013-12-06,149.5231811,33.6337662,16.42,26.82,STAR,M0,-2.4E-5,2.6E-5,gri,18.81,17.59,16.95,99.0,99.0,99.0,99.0,LEGUE_LCH,Obj,PS1,5793529076891336995,0,0.0,149.5231811,33.6337662,,,,,,,,,,,,,,,,,,,,,,,,,,,,,,,,,,,0.22923,0.16368,0.872693,0.753983,0.879853,0.907937,0.942576,1.009842,0.97367,0.838203,0.80808,0.033498,0.025011,0.028718,0.042395,0.048756,0.043223,0.041996,0.024614,0.028718,0.823973,0.249709,-9999.0,0.994274,HD095000N333605M01/spec-56633-HD095000N333605M01_sp13-081.fits
66,156.317042,46.296056,J102516.09+461745.8,2012-01-25,156.317069,46.296081,14.52,29.73,STAR,M2,1.09E-4,6.0E-6,ugriz,21.93,18.91,17.33,16.32,15.75,99.0,99.0,PILOT,Obj,-,.,0,0.0,156.317069,46.296081,,,,,,,,,,,,,,,,,,,,,,,,,,,,,,,,,,,0.1701,0.046284,0.679043,0.549804,0.751493,0.835703,0.824597,0.811887,0.778159,0.757982,0.595164,0.008295,0.006318,0.008302,0.011804,0.015126,0.009961,0.00981,0.006413,0.008302,0.782957,0.026532,-9999.0,0.899297,F5595204/spec-55952-F5595204_sp04-159.fits
67,158.870667,42.646111,J103528.96+423846.0,2014-03-23,158.87067,42.64613,33.06,66.98,STAR,M0,4.0E-6,6.0E-6,jhknnnn,12.16,11.5,11.27,0.0,0.0,0.0,0.0,PILOT,Obj,-,-,0,0.0,158.87067,42.64613,,,,,,,,,,,,,,,,,,,,,,,,,,,,,,,,,,,0.129502,0.002223,0.911078,0.705507,0.827034,0.901276,0.96357,0.943723,0.962175,0.805779,0.886322,4.9E-4,3.35E-4,3.86E-4,5.81E-4,7.1E-4,5.66E-4,5.8E-4,3.35E-4,3.86E-4,0.399535,0.002301,-9999.0,0.910561,GAC161N43V1/spec-56740-GAC161N43V1_sp10-101.fits
69,160.968417,30.613694,J104352.42+303649.3,2014-01-10,160.96842,30.613708,11.55,19.59,STAR,M0,-1.85E-4,2.0E-5,ugriz,22.74,20.01,18.32,17.56,17.11,99.0,99.0,LEGAS_ZYX,Obj,DR9,1237665369041338439,0,0.0,160.96842,30.613708,,,,,,,,,,,,,,,,,,,,,,,,,,,,,,,,,,,0.359812,0.118061,0.922628,0.533786,0.695131,0.846872,0.940349,0.978927,0.96803,0.618694,0.836854,0.025264,0.0139,0.017078,0.030382,0.035948,0.030558,0.029534,0.014818,0.017078,0.163757,0.053877,-9999.0,0.93986,HD105033N320139M01/spec-56668-HD105033N320139M01_sp02-040.fits
71,163.08525,27.720306,J105220.46+274313.1,2014-01-27,163.0852874,27.7203275,16.15,33.89,STAR,M0,3.55E-4,1.0E-5,gri,18.84,17.58,16.94,99.0,99.0,99.0,99.0,LEGUE_LCH,Obj,PS1,4784335732267405446,0,0.0,163.0852874,27.7203275,,,,,,,,,,,,,,,,,,,,,,,,,,,,,,,,,,,0.373819,0.055865,0.880088,0.744493,0.858305,0.89741,0.948413,0.953246,0.955135,0.81888,0.83262,0.012114,0.009505,0.010814,0.012459,0.019608,0.013007,0.013091,0.007369,0.010814,0.688891,0.078833,-9999.0,0.960276,HD104953N275826M01/spec-56685-HD104953N275826M01_sp04-104.fits
72,163.167875,28.564944,J105240.29+283353.8,2014-01-27,163.1678857,28.5649597,14.46,27.51,STAR,M0,2.17E-4,1.4E-5,gri,18.87,17.55,16.91,99.0,99.0,99.0,99.0,LEGUE_LCH,Obj,PS1,4820329344914388069,0,0.0,163.1678857,28.5649597,,,,,,,,,,,,,,,,,,,,,,,,,,,,,,,,,,,0.252813,0.061804,0.95179,0.730731,0.872903,0.93782,0.949248,0.961268,0.962299,0.823008,0.841629,0.01207,0.008151,0.009594,0.01531,0.016603,0.013632,0.013548,0.009147,0.009594,0.277834,0.070776,-9999.0,0.914021,HD104953N275826M01/spec-56685-HD104953N275826M01_sp09-152.fits
74,164.474875,27.445556,J105753.97+272644.0,2014-01-27,164.4748992,27.4455604,14.1,26.32,STAR,M0,7.8E-5,8.0E-6,gri,18.87,17.66,17.01,99.0,99.0,99.0,99.0,LEGUE_LCH,Obj,PS1,4694210963161844519,0,0.0,164.4748992,27.4455604,,,,,,,,,,,,,,,,,,,,,,,,,,,,,,,,,,,-0.244918,0.064385,0.804844,0.740177,0.867953,0.901027,0.919292,0.933535,0.926537,0.855782,0.805931,0.013386,0.011239,0.013009,0.015494,0.022681,0.014727,0.015959,0.009792,0.013009,1.143824,0.107946,0.0,0.9354,HD104953N275826M01/spec-56685-HD104953N275826M01_sp06-176.fits
79,179.195083,59.651361,J115646.82+593904.9,2012-01-04,179.195103,59.65138,10.1,16.96,STAR,M0,-3.78E-4,1.1E-5,ugriz,20.8,18.37,16.94,16.29,15.91,99.0,99.0,PILOT,Obj,-,.,0,0.0,179.195103,59.65138,,,,,,,,,,,,,,,,,,,,,,,,,,,,,,,,,,,-0.05014,0.056111,0.90173,0.731477,0.851284,0.926942,0.973516,0.996751,0.951922,0.831407,0.800628,0.012971,0.009792,0.011223,0.014669,0.021304,0.014358,0.013517,0.007617,0.011223,0.524583,0.074728,0.0,0.979639,F5593101/spec-55931-F5593101_sp12-052.fits
80,179.808833,58.09125,J115914.12+580528.5,2012-01-23,179.80885,58.091266,23.27,36.85,STAR,M0,-5.84E-4,6.0E-6,ugriz,20.5,17.97,16.59,16.0,15.7,99.0,99.0,PILOT,Obj,-,.,0,0.0,179.80885,58.091266,,,,,,,,,,,,,,,,,,,,,,,,,,,,,,,,,,,-0.007661,0.036845,0.952491,0.839688,0.935649,0.922649,0.952956,1.010054,0.979354,0.883826,0.897701,0.00883,0.007171,0.007915,0.008498,0.013116,0.009317,0.009085,0.00508,0.007915,0.570361,0.109675,0.0,0.989936,F5595005/spec-55950-F5595005_sp13-077.fits
81,180.620958,26.754111,J120229.03+264514.8,2013-01-24,180.620999,26.75412,18.83,32.13,STAR,M0,3.0E-6,8.0E-6,griz,16.79,15.36,14.8,14.47,99.0,99.0,99.0,LEGUE_LCH,Obj,SDSS,1237667322181582979,0,0.0,180.620999,26.75412,,,,,,,,,,,,,,,,,,,,,,,,,,,,,,,,,,,1.207052,0.010847,0.950563,0.842456,0.91432,0.932591,0.974319,0.970322,0.970943,0.893811,0.869397,0.002258,0.001723,0.001865,0.00262,0.003194,0.002569,0.00254,0.001571,0.001865,0.544754,0.025687,1.0,0.97614,HD120242N242647M01/spec-56317-HD120242N242647M01_sp11-127.fits
86,191.978958,11.673889,J124754.95+114026.0,2014-03-09,191.978996,11.673903,27.54,48.31,STAR,M0,1.05E-4,3.0E-6,gri,17.44,16.22,15.6,99.0,99.0,99.0,99.0,LEGUE_LCH,Obj,PS1,3609705470081760709,0,0.0,191.978996,11.673903,,,,,,,,,,,,,,,,,,,,,,,,,,,,,,,,,,,0.076904,0.020598,0.932544,0.790689,0.894578,0.912092,0.976883,0.978364,0.961869,0.846818,0.892928,0.004797,0.003771,0.004216,0.004728,0.006141,0.005027,0.004949,0.002816,0.004216,0.539696,0.040552,-9999.0,0.974719,HD124814N133310B/spec-56726-HD124814N133310B_sp01-167.fits
88,193.032542,0.619056,J125207.81+003708.6,2014-01-26,193.032565,0.619059,11.33,22.55,STAR,M0,1.1E-5,1.1E-5,gri,17.93,16.65,15.98,99.0,99.0,99.0,99.0,LEGUE_LCH,Obj,PS1,3014544224013091420,0,0.0,193.032565,0.619059,,,,,,,,,,,,,,,,,,,,,,,,,,,,,,,,,,,0.145921,0.047555,0.933215,0.77326,0.86572,0.905751,0.922367,0.977888,0.960247,0.856232,0.889133,0.011512,0.008631,0.009567,0.010991,0.016681,0.011707,0.011641,0.007217,0.009567,0.44116,0.079347,-9999.0,0.937658,HD125136N030324B01/spec-56684-HD125136N030324B01_sp01-214.fits
90,197.526375,20.331028,J131006.33+201951.7,2013-02-15,197.526391,20.331038,22.8,45.12,STAR,M0,1.68E-4,1.2E-5,griz,16.49,15.08,14.44,14.12,99.0,99.0,99.0,LEGUE_LCH,Obj,SDSS,1237668272970137639,0,0.0,197.526391,20.331038,,,,,,,,,,,,,,,,,,,,,,,,,,,,,,,,,,,0.103957,0.008898,0.961177,0.748872,0.852036,0.926642,0.983467,0.962739,0.994513,0.826476,0.93382,0.001915,0.001312,0.001473,0.002239,0.002684,0.00213,0.002209,0.001273,0.001473,0.221475,0.011047,-9999.0,0.937379,HD131614N190306M01/spec-56339-HD131614N190306M01_sp16-084.fits
92,202.096208,9.040778,J132823.09+090226.8,2015-05-12,202.096224,9.040805,27.06,58.65,STAR,M2,1.01E-4,5.0E-6,gri,17.04,15.74,14.82,99.0,99.0,99.0,99.0,LEGUE_LCH,Obj,LCH100002,15453714794218008,0,0.0,202.096224,9.040805,,,,,,,,,,,,,,,,,,,,,,,,,,,,,,,,,,,1.15158,0.016009,0.711167,0.576862,0.762541,0.86121,0.818386,0.87275,0.834461,0.766812,0.64243,0.002606,0.001873,0.00236,0.003909,0.00411,0.003519,0.00346,0.002139,0.00236,0.765593,0.008652,1.0,0.915107,HD133552N081734B02/spec-57155-HD133552N081734B02_sp14-210.fits
93,203.093042,18.9555,J133222.33+185719.8,2013-01-15,203.093066,18.955506,40.08,67.94,STAR,M0,-2.94E-4,6.0E-6,griz,16.94,15.5,14.81,14.41,99.0,99.0,99.0,LEGUE_LCH,Obj,SDSS,1237668271898755203,0,0.0,203.093066,18.955506,,,,,,,,,,,,,,,,,,,,,,,,,,,,,,,,,,,-0.010702,0.022319,0.851006,0.741938,0.866024,0.881001,0.935478,0.951558,0.939761,0.809698,0.823546,0.004778,0.003609,0.004141,0.005873,0.007109,0.005937,0.005864,0.003129,0.004141,0.872713,0.033313,0.0,0.972307,HD133001N190343F01/spec-56308-HD133001N190343F01_sp04-236.fits
95,214.896875,50.704528,J141935.25+504216.3,2013-05-14,214.896902,50.704555,16.2,26.81,STAR,M0,-2.51E-4,4.0E-6,griz,16.73,15.25,14.58,14.17,99.0,99.0,99.0,LEGUE_LCH,Obj,SDSS,1237659119322923143,0,0.0,214.896902,50.704555,,,,,,,,,,,,,,,,,,,,,,,,,,,,,,,,,,,0.478022,0.013265,0.890721,0.754166,0.850116,0.881693,0.909651,0.949836,0.940821,0.835327,0.883397,0.002984,0.00234,0.002605,0.00296,0.00451,0.00317,0.003206,0.001714,0.002605,0.631297,0.019121,-9999.0,0.967977,HD140817N492729M01/spec-56427-HD140817N492729M01_sp12-174.fits
96,215.885833,23.300278,J142332.60+231801.0,2014-04-03,215.885846,23.300284,13.69,27.39,STAR,M0,3.44E-4,5.0E-6,gri,17.82,16.6,15.98,99.0,99.0,99.0,99.0,LEGUE_LCH,Obj,PS1,5518686354319381084,0,0.0,215.885846,23.300284,,,,,,,,,,,,,,,,,,,,,,,,,,,,,,,,,,,0.018439,0.040114,0.901465,0.808043,0.895367,0.900458,0.928721,0.968848,0.979557,0.86608,0.904372,0.009344,0.007722,0.008483,0.009216,0.014253,0.009965,0.010046,0.005534,0.008483,0.853022,0.091631,-9999.0,0.955186,HD141501N234109B01/spec-56751-HD141501N234109B01_sp06-144.fits
97,216.8085,33.999361,J142714.04+335957.7,2014-05-20,216.8085178,33.9993659,10.27,17.07,STAR,M0,-2.89E-4,1.0E-5,gri,18.34,17.04,16.35,99.0,99.0,99.0,99.0,LEGUE_LCH,Obj,PS1,6131686077037117280,0,0.0,216.8085178,33.9993659,,,,,,,,,,,,,,,,,,,,,,,,,,,,,,,,,,,0.224053,0.028467,0.911667,0.746363,0.842934,0.872348,0.931154,0.932875,0.96003,0.809573,0.817961,0.00728,0.005603,0.00624,0.006918,0.011096,0.007264,0.00751,0.003835,0.00624,0.482828,0.042437,-9999.0,0.990962,HD141746N331518M01/spec-56798-HD141746N331518M01_sp13-126.fits
99,224.549417,31.252361,J145811.86+311508.5,2014-03-09,224.5494275,31.2523755,19.33,37.31,STAR,M0,-7.4E-5,8.0E-6,gri,18.3,16.95,16.23,99.0,99.0,99.0,99.0,LEGUE_LCH,Obj,PS1,6383359890588506558,0,0.0,224.5494275,31.2523755,,,,,,,,,,,,,,,,,,,,,,,,,,,,,,,,,,,-0.058747,0.048375,0.853872,0.667754,0.818686,0.880059,0.90636,0.955806,0.947046,0.78366,0.812546,0.011598,0.008318,0.009957,0.012122,0.017834,0.012649,0.012503,0.006902,0.009957,0.568356,0.050221,0.0,0.983749,HD145243N315530M/spec-56726-HD145243N315530M_sp08-142.fits
100,229.157875,34.056278,J151637.89+340322.6,2014-05-22,229.1579114,34.0563045,11.71,25.3,STAR,M1,-3.1E-5,8.0E-6,gri,18.59,17.26,16.3,99.0,99.0,99.0,99.0,LEGUE_LCH,Obj,PS1,6761574298357375720,0,0.0,229.1579114,34.0563045,,,,,,,,,,,,,,,,,,,,,,,,,,,,,,,,,,,0.442626,0.05749,0.732931,0.51604,0.728452,0.836088,0.784312,0.825413,0.816686,0.698401,0.59109,0.010255,0.006615,0.008819,0.01634,0.015647,0.013141,0.012813,0.008131,0.008819,0.581829,0.025403,-9999.0,0.921815,HD150818N334223M01/spec-56800-HD150818N334223M01_sp13-222.fits
102,255.717083,33.1645,J170252.10+330952.2,2013-05-06,255.717095,33.164503,36.6,58.42,STAR,M0,-4.51E-4,2.0E-6,gribvjh,14.98,13.56,12.85,15.71,14.17,11.3,10.81,LEGUE_LCH,Obj,UCAC4,145365678,0,0.0,255.717095,33.164503,,,,,,,,,,,,,,,,,,,,,,,,,,,,,,,,,,,,,,,,,,,,,,,,,,,,,,,,,,,HD170353N344724B01/spec-56419-HD170353N344724B01_sp01-166.fits
104,331.948833,0.268333,J220747.72+001606.0,2011-10-24,331.948842,0.268353,16.28,27.5,STAR,M0,-8.34E-4,1.5E-5,ugriz,21.88,19.36,17.73,16.94,16.51,99.0,99.0,JF_LEGAS_S,Obj,-,.,0,0.0,331.948842,0.268353,,,,,,,,,,,,,,,,,,,,,,,,,,,,,,,,,,,0.317675,0.093086,0.888493,0.701943,0.834782,0.914099,0.930897,0.95753,0.947411,0.75269,0.869745,0.023461,0.017391,0.020296,0.025421,0.037595,0.024488,0.024821,0.010798,0.020296,0.507941,0.115861,-9999.0,0.971052,F5902/spec-55859-F5902_sp04-172.fits
105,344.053167,6.210083,J225612.76+061236.3,2013-11-03,344.0531724,6.2101089,25.11,55.41,STAR,M0,-2.14E-4,6.0E-6,gri,18.31,16.94,16.07,99.0,99.0,99.0,99.0,LEGUE_LCH,Obj,PS1,-3506492114559033496,0,0.0,344.0531724,6.2101089,,,,,,,,,,,,,,,,,,,,,,,,,,,,,,,,,,,0.380116,0.026474,0.787958,0.556873,0.731907,0.843728,0.901066,0.897485,0.915866,0.650866,0.713161,0.005302,0.00343,0.004324,0.007231,0.008347,0.006722,0.006763,0.003404,0.004324,0.503996,0.013835,-9999.0,0.945915,EG230400N063658M01/spec-56600-EG230400N063658M01_sp10-010.fits
106,345.803,4.741861,J230312.72+044430.7,2013-11-03,345.8030181,4.7418676,15.52,27.13,STAR,M0,-3.61E-4,1.1E-5,gri,18.86,17.55,16.85,99.0,99.0,99.0,99.0,LEGUE_LCH,Obj,PS1,-3326348129464221588,0,0.0,345.8030181,4.7418676,,,,,,,,,,,,,,,,,,,,,,,,,,,,,,,,,,,-0.213532,0.08163,0.887215,0.732758,0.864655,0.917111,0.930614,0.946597,0.921006,0.819424,0.845912,0.018862,0.014511,0.016842,0.01958,0.024343,0.020032,0.019611,0.010812,0.016842,0.635114,0.118346,0.0,0.980793,EG230400N063658M01/spec-56600-EG230400N063658M01_sp01-159.fits
107,358.540333,28.288944,J235409.68+281720.2,2011-10-28,358.540369,28.288952,12.93,23.81,STAR,M0,-6.27E-4,1.2E-5,ugrizjh,99.0,99.0,99.0,99.0,99.0,12.88,12.31,PILOT,Obj,-,.,0,0.0,358.540369,28.288952,,,,,,,,,,,,,,,,,,,,,,,,,,,,,,,,,,,0.249972,0.03558,0.914499,0.784652,0.899985,0.915707,0.992557,0.964247,0.962352,0.832808,0.8157,0.009026,0.007154,0.00812,0.008821,0.014648,0.008908,0.008872,0.004927,0.00812,0.682226,0.07867,-9999.0,0.975517,B6302/spec-55863-B6302_sp08-052.fits
