,Name,RA,DEC,SpT,Teff,logg,Fe_H,ref_name
0,BD+002058A,115.93316,-0.06693,S,6024,4.5,-1.49,MILES2_field
1,BD-010306,33.66791,-1.20142,S,5650,4.4,-0.9,MILES2_field
2,BD-011792,114.9588,-1.52233,S,4948,3.05,-1.05,MILES2_field
3,BD+012916,215.43859,0.7831,S,4238,0.35,-1.47,MILES2_field
4,BD-032525,134.79213,-4.02681,S,5750,3.6,-1.9,MILES2_field
5,BD+044551,312.21134,5.19966,S,5770,3.87,-1.62,MILES2_field
6,BD-052678,134.76402,-6.39616,S,5429,4.43,-2.14,MILES2_field
7,BD+053080,236.46834,5.04071,S,4832,4.0,-0.88,MILES2_field
8,BD+060648,63.30463,6.60049,S,4400,1.02,-2.1,MILES2_field
9,BD-060855,63.742,-5.63022,S,5283,4.5,-0.7,MILES2_field
10,BD+062986,226.22303,5.6381,S,4450,4.8,-0.3,MILES2_field
11,BD+090352,40.30683,9.77003,S,5894,4.25,-2.12,MILES2_field
12,BD+092190,142.31484,8.63347,S,6270,4.11,-2.86,MILES2_field
13,BD+093223,248.39825,9.10453,S,5350,2.0,-2.26,MILES2_field
14,BD-103166,164.61992,-10.77038,S,5400,4.4,0.5,MILES2_field
15,BD+112998,247.56993,10.99771,S,5373,2.3,-1.36,MILES2_field
16,BD-114126,245.86213,-11.59461,S,5000,4.3,0.2,MILES2_field
17,BD-122669,131.6649,-13.35705,S,6910,4.0,-1.49,MILES2_field
18,BD+130013,3.1263,14.56352,S,5000,3.0,-1.31,MILES2_field
19,BD+151305,101.17907,14.90998,S,5175,4.1,-0.6,MILES2_field
20,BD+172473,185.87925,16.90257,S,5299,3.75,-1.1,MILES2_field
21,BD-182065,118.15836,-18.59381,S,4700,1.9,-1.42,MILES2_field
22,BD+182890,218.05619,17.42341,S,4957,2.2,-1.61,MILES2_field
23,BD+195116B,352.96735,19.93628,S,2950,5.06,0.1,MILES2_field
24,BD+203603,268.68013,20.27123,S,6121,4.32,-2.09,MILES2_field
25,BD+233130,263.17344,23.73656,S,5039,2.42,-2.55,MILES2_field
26,BD+241676,112.67194,24.08618,S,6201,4.38,-2.45,MILES2_field
27,BD+251981,131.10288,24.7966,S,6798,4.25,-1.26,MILES2_field
28,BD+290366,32.6022,29.80657,S,5609,4.22,-1.03,MILES2_field
29,BD+302431,204.60318,29.36556,S,16904,4.2,0.77,MILES2_field
30,BD+302611,226.72429,30.01026,S,4311,0.94,-1.36,MILES2_field
31,BD+312360,186.08333,30.78,S,4600,2.0,-0.91,MILES2_field
32,BD+342476,209.78951,33.86093,S,6205,4.12,-2.05,MILES2_field
33,BD+362165,168.2,35.72886,S,6176,4.55,-1.36,MILES2_field
34,BD+371458,94.00634,37.72188,S,5200,3.0,-2.1,MILES2_field
35,BD+371665,107.53462,37.27608,S,4905,3.3,-1.38,MILES2_field
36,BD+384955,348.41175,39.41739,S,5163,3.99,-2.42,MILES2_field
37,BD+394926,341.54678,40.1073,S,7261,0.85,-2.52,MILES2_field
38,BD+430699,50.88953,43.95729,S,4608,4.52,-0.6,MILES2_field
39,BD+442051A,166.36907,43.52678,S,3544,4.85,-1.45,MILES2_field
40,BD+450983,71.82659,45.98629,S,5200,4.5,-0.25,MILES2_field
41,BD+460610,40.44059,47.35036,S,5841,4.11,-0.88,MILES2_field
42,BD+501021,69.53265,51.17013,S,4850,4.1,-0.9,MILES2_field
43,BD+511696,176.64647,50.88186,S,5640,4.8,-1.37,MILES2_field
44,BD+592723,351.63683,60.62854,S,6112,4.17,-2.02,MILES2_field
45,BD+612575,359.54403,62.61005,S,6222,1.97,0.35,MILES2_field
46,BD+660268,52.8225,66.73028,S,5381,4.56,-1.98,MILES2_field
47,BD+720094,26.80161,73.47422,S,6056,4.46,-1.71,MILES2_field
48,BD+800245,122.776,79.90821,S,5354,3.0,-2.15,MILES2_field
49,CD-2415398,293.08659,-23.85354,S,6269,2.93,-1.14,MILES2_field
50,CD-2610417,219.94594,-26.69806,S,4570,4.5,0.06,MILES2_field
51,CD-2809374,183.62394,-29.5988,S,5000,3.4,-1.18,MILES2_field
52,G004-036,40.84188,13.4325,S,6010,4.39,-1.87,MILES2_field
53,G156-031,339.64008,-15.29978,S,2747,5.09,,MILES2_field*
54,G171-010,355.47919,44.17748,S,2799,5.12,,MILES2_field*
55,HD000004,1.28846,30.32903,S,6380,3.01,0.3,MILES2_field
56,HD000245,2.21178,86.78788,S,5348,4.5,-1.16,MILES2_field
57,HD000249,1.84401,26.4506,S,4717,2.4,-0.34,MILES2_field
58,HD000319,1.94542,-22.50856,S,8140,3.8,-0.7,MILES2_field
59,HD000400,2.17058,36.62712,S,6205,4.12,-0.33,MILES2_field
60,HD000448,2.2601,18.21196,S,4710,2.56,0.05,MILES2_field
61,HD000886,3.30897,15.1836,S,21581,3.86,0.06,MILES2_field
62,HD001326B,4.60778,44.02734,S,3330,5.08,-1.4,MILES2_field
63,HD001461,4.67445,-8.053,S,5808,4.39,0.2,MILES2_field
64,HD001918,5.93017,45.08914,S,4865,2.01,-0.55,MILES2_field
65,HD002628,7.53069,29.75156,S,7325,3.59,,MILES2_field*
66,HD002665,7.68936,57.0649,S,5013,2.35,-1.96,MILES2_field
67,HD002796,7.82047,-16.79467,S,4945,1.36,-2.31,MILES2_field
68,HD002857,7.97413,-5.26191,S,7450,2.6,-1.6,MILES2_field
69,HD003008,8.30963,-10.72854,S,4331,0.84,-1.87,MILES2_field
70,HD003360,9.24285,53.89691,S,21170,3.92,0.12,MILES2_field
71,HD003369,9.22021,33.71934,S,15276,4.1,-0.2,MILES2_field
72,HD003546,9.63894,29.31175,S,4942,2.73,-0.66,MILES2_field
73,HD003567,9.63311,-8.30928,S,5917,3.96,-1.32,MILES2_field
74,HD003574,9.79123,49.35459,S,3830,1.44,-0.01,MILES2_field
75,HD003651,9.84086,21.25047,S,5396,4.61,-0.15,MILES2_field
76,HD003795,10.1367,-23.80488,S,5355,3.88,-0.31,MILES2_field
77,HD003883,10.40018,24.62901,S,7777,3.65,0.48,MILES2_field
78,HD004307,11.36953,-12.88081,S,5727,4.07,-0.25,MILES2_field
79,HD004395,11.55729,-11.45238,S,5670,3.45,-0.31,MILES2_field
80,HD004539,11.87175,9.98213,S,25200,5.4,0.16,MILES2_field
81,HD004628,12.09574,5.28061,S,4960,4.6,-0.29,MILES2_field
82,HD004656,12.1706,7.58508,S,3912,1.45,-0.14,MILES2_field
83,HD004744,12.46996,30.45029,S,4541,2.47,-0.55,MILES2_field
84,HD004906,12.80855,18.79032,S,5068,3.47,-0.84,MILES2_field
85,HD005268,13.5733,-8.74066,S,4941,3.95,-0.4,MILES2_field
86,HD005384,13.92667,-7.34715,S,3950,1.66,,MILES2_field*
87,HD005395,14.16627,59.18106,S,4797,2.55,-0.7,MILES2_field
88,HD005780,14.84713,0.77877,S,3848,1.07,-0.7,MILES2_field
89,HD005848,17.18699,86.25709,S,4400,2.19,0.1,MILES2_field
90,HD005916,15.32927,45.45205,S,4863,2.5,-0.8,MILES2_field
91,HD006186,15.73587,7.89014,S,4860,2.67,-0.34,MILES2_field
92,HD006203,15.76057,-4.8366,S,4496,2.47,-0.29,MILES2_field
93,HD006229,15.90189,23.76844,S,5133,2.39,-1.08,MILES2_field
94,HD006268,15.82571,-27.88054,S,4740,1.2,-2.32,MILES2_field
95,HD006474,16.74892,63.77316,S,6222,1.5,0.25,MILES2_field
96,HD006497,16.75072,56.93497,S,4398,2.5,0.01,MILES2_field
97,HD006582,17.06831,54.92034,S,5249,4.45,-0.75,MILES2_field
98,HD006755,17.42943,61.54728,S,5102,2.4,-1.41,MILES2_field
99,HD006805,17.14746,-10.18226,S,4493,2.47,0.16,MILES2_field
100,HD006833,17.46777,54.73896,S,4380,1.25,-0.99,MILES2_field
101,HD006834,17.39693,39.78105,S,6473,4.22,-0.89,MILES2_field
102,HD007106,17.91515,30.08964,S,4543,2.33,-0.01,MILES2_field
103,HD007351,18.52045,28.52957,S,3600,1.1,0.02,MILES2_field
104,HD007374,18.53179,16.13348,S,13324,4.0,-0.7,MILES2_field
105,HD007595,18.87304,-28.26489,S,4345,1.5,-0.8,MILES2_field
106,HD007672,19.1512,-2.50037,S,5030,2.77,-0.43,MILES2_field
107,HD008724,21.57331,17.12642,S,4688,1.49,-1.69,MILES2_field
108,HD008829,21.71485,-13.05651,S,7163,4.15,0.25,MILES2_field
109,HD009138,22.54631,6.14382,S,4103,1.85,-0.37,MILES2_field
110,HD009356,23.03405,1.34173,S,6282,2.77,-1.38,MILES2_field
111,HD009408,23.48282,59.23204,S,4803,2.93,-0.3,MILES2_field
112,HD009562,23.42849,-7.02534,S,5728,3.77,0.15,MILES2_field
113,HD009826,24.19934,41.40546,S,6134,4.09,0.11,MILES2_field
114,HD009919,24.27465,12.14153,S,6830,3.96,-0.41,MILES2_field
115,HD010307,25.44643,42.61337,S,5838,4.28,0.03,MILES2_field
116,HD010380,25.35789,5.48761,S,4057,1.43,-0.25,MILES2_field
117,HD010700,26.01701,-15.93748,S,5264,4.36,-0.5,MILES2_field
118,HD010780,26.93681,63.8525,S,5392,4.6,0.1,MILES2_field
119,HD010975,27.16219,37.95287,S,4786,2.4,-0.32,MILES2_field
120,HD011257,27.71655,11.04338,S,7099,4.5,-0.2,MILES2_field
121,HD011397,27.91886,-16.31765,S,6074,5.15,0.09,MILES2_field
122,HD011964,29.29003,-10.24243,S,5552,4.24,0.17,MILES2_field
123,HD012014,29.96205,59.16083,S,5196,2.3,0.45,MILES2_field
124,HD012438,30.31135,-30.00183,S,5080,2.81,-0.53,MILES2_field
125,HD013043,31.8928,-0.61742,S,5695,3.68,0.1,MILES2_field
126,HD013267,32.87164,57.64554,S,13800,2.44,,MILES2_field*
127,HD013520,33.30552,44.23165,S,3961,1.55,0.3,MILES2_field
128,HD013555,33.20036,21.21099,S,6380,4.01,-0.35,MILES2_field
129,HD013783,34.20505,64.95261,S,5338,4.35,-0.55,MILES2_field
130,HD014221,34.84449,48.95546,S,6295,3.91,-0.35,MILES2_field
131,HD014802,35.63561,-23.81633,S,5629,3.59,-0.08,MILES2_field
132,HD014829,35.78853,-10.67758,S,8666,3.1,-1.25,MILES2_field
133,HD014938,36.09713,-3.10404,S,6153,4.04,-0.35,MILES2_field
134,HD015596,37.72666,17.70386,S,4755,2.5,-0.7,MILES2_field
135,HD015798,38.02178,-15.24468,S,6401,3.74,-0.16,MILES2_field
136,HD016031,38.54603,-12.38429,S,6030,4.05,-1.72,MILES2_field
137,HD016232,39.24059,24.64806,S,6346,4.54,0.03,MILES2_field
138,HD016234,39.15798,12.44764,S,6164,4.32,-0.31,MILES2_field
139,HD016673,40.05176,-9.45287,S,6253,4.28,0.05,MILES2_field
140,HD016784,40.16158,-30.13541,S,5826,3.92,-0.74,MILES2_field
141,HD016901,41.0215,44.29704,S,5345,0.85,,MILES2_field*
142,HD017081,41.03062,-13.8587,S,13320,3.64,0.03,MILES2_field
143,HD017361,41.97725,29.24712,S,4551,2.44,0.04,MILES2_field
144,HD017378,42.37807,57.08432,S,8530,1.35,,MILES2_field*
145,HD017382,42.0381,27.06863,S,5065,4.5,-0.13,MILES2_field
146,HD017491,41.98301,-12.46065,S,3560,0.6,,MILES2_field*
147,HD017548,42.21604,-1.50965,S,5958,4.28,-0.6,MILES2_field
148,HD018191,43.95207,18.33164,S,3250,0.3,,MILES2_field*
149,HD018391,44.95301,57.66324,S,5500,,-0.28,MILES2_field
150,HD018907,45.40682,-28.09155,S,5009,3.6,-0.75,MILES2_field
151,HD019373,47.26675,49.61328,S,5991,4.02,0.17,MILES2_field
152,HD019445,47.10662,26.33094,S,5918,4.35,-2.05,MILES2_field
153,HD019510,47.12869,10.4459,S,6109,2.6,-2.5,MILES2_field
154,HD019994,48.19349,-1.1961,S,6016,3.99,0.12,MILES2_field
155,HD020041,48.94988,57.14062,S,9560,2.13,,MILES2_field*
156,HD020512,49.61307,15.17735,S,5024,3.4,-0.65,MILES2_field
157,HD020619,49.75789,-2.84319,S,5652,4.48,-0.28,MILES2_field
158,HD020630,49.8404,3.3702,S,5591,4.4,0.03,MILES2_field
159,HD020893,50.68851,20.74207,S,4340,2.04,0.08,MILES2_field
160,HD021017,51.07698,24.72406,S,4405,2.22,0.05,MILES2_field
161,HD021197,51.24888,-5.36376,S,4616,4.59,0.3,MILES2_field
162,HD021581,52.22702,-0.41753,S,4825,2.0,-1.7,MILES2_field
163,HD021910,54.65161,74.73799,S,4694,1.75,-0.62,MILES2_field
164,HD022049,53.23268,-9.45826,S,5052,4.57,-0.15,MILES2_field
165,HD022484,54.21826,0.40166,S,5993,4.03,-0.1,MILES2_field
166,HD022879,55.09194,-3.21698,S,5814,4.29,-0.83,MILES2_field
167,HD023194,56.00125,24.55694,S,8542,4.0,-0.2,MILES2_field
168,HD023249,55.81209,-9.76339,S,4884,3.4,-0.11,MILES2_field
169,HD023261,55.97642,3.44635,S,5132,4.64,0.1,MILES2_field
170,HD023439A,56.75882,41.42726,S,4990,4.4,-1.01,MILES2_field
171,HD023439B,56.76098,41.42849,S,4755,4.37,-1.02,MILES2_field
172,HD023607,56.83065,24.13906,S,7875,4.0,-0.3,MILES2_field
173,HD023841,57.1282,9.64595,S,4292,1.3,-0.95,MILES2_field
174,HD023924,57.42052,23.34157,S,8000,4.0,-0.3,MILES2_field
175,HD024341,58.7133,52.41986,S,5450,3.59,-0.6,MILES2_field
176,HD024421,58.9045,52.22682,S,5969,4.03,-0.65,MILES2_field
177,HD024451,60.33176,76.15937,S,4357,4.61,,MILES2_field*
178,HD024616,58.49777,-23.13707,S,4954,3.2,-0.75,MILES2_field
179,HD025329,60.8125,35.27328,S,4787,4.58,-1.72,MILES2_field
180,HD025532,61.04587,23.40753,S,5525,2.2,-1.2,MILES2_field
181,HD025673,61.08459,-4.65513,S,5150,4.5,-0.6,MILES2_field
182,HD026297,62.26424,-15.89085,S,4316,1.06,-1.67,MILES2_field
183,HD026322,62.70775,26.48095,S,6943,3.57,0.11,MILES2_field
184,HD026965,63.818,-7.65287,S,5073,4.19,-0.31,MILES2_field
185,HD027126,64.62312,35.99169,S,5378,4.23,-0.56,MILES2_field
186,HD027295,64.85874,21.14231,S,11704,3.93,-0.74,MILES2_field
187,HD027371,64.94835,15.62764,S,4956,2.71,0.07,MILES2_field
188,HD027771,65.88472,14.67048,S,5143,4.5,0.07,MILES2_field
189,HD027819,66.024,17.44413,S,7957,4.32,,MILES2_field*
190,HD028305,67.15416,19.18043,S,4846,2.68,0.11,MILES2_field
191,HD028946,68.45999,5.38502,S,5162,4.39,-0.26,MILES2_field
192,HD028978,68.53445,5.56862,S,9164,3.7,0.14,MILES2_field
193,HD029065,68.54904,-8.97026,S,4034,1.79,-0.3,MILES2_field
194,HD029139,68.98016,16.5093,S,3922,1.41,-0.18,MILES2_field
195,HD030504,72.47766,37.48827,S,4000,1.52,-0.3,MILES2_field
196,HD030649,72.93149,45.83416,S,5699,4.22,-0.51,MILES2_field
197,HD030743,72.42602,-13.76967,S,6411,4.12,-0.34,MILES2_field
198,HD030834,73.15825,36.70319,S,4115,1.73,-0.21,MILES2_field
199,HD030959,73.13318,14.25064,S,3451,0.8,-0.15,MILES2_field
200,HD031128,73.04129,-27.06415,S,5825,4.3,-1.5,MILES2_field
201,HD031295,73.72387,10.15083,S,8990,4.08,-0.89,MILES2_field
202,HD031767,74.63709,1.71402,S,4120,1.55,0.26,MILES2_field
203,HD032147,75.20417,-5.75368,S,4658,4.47,0.02,MILES2_field
204,HD032655,76.70648,43.1747,S,6900,2.26,0.1,MILES2_field
205,HD033256,77.18208,-4.45621,S,6359,4.12,-0.33,MILES2_field
206,HD033276,77.42481,15.59723,S,6909,3.3,0.25,MILES2_field
207,HD033608,77.8299,-2.49078,S,6542,4.06,0.31,MILES2_field
208,HD034411,79.78531,40.09905,S,5835,4.17,0.06,MILES2_field
209,HD034538,79.41767,-13.51983,S,4891,2.91,-0.33,MILES2_field
210,HD035155,80.57769,-8.66612,S,3600,0.8,-0.72,MILES2_field
211,HD035179,80.58753,-14.39724,S,4720,1.6,-0.67,MILES2_field
212,HD035296,81.1061,17.38353,S,6091,4.25,0.04,MILES2_field
213,HD035369,80.98678,-7.80806,S,4863,2.5,-0.26,MILES2_field
214,HD035620,81.91203,34.47589,S,4367,1.75,-0.03,MILES2_field
215,HD036003,82.10873,-3.49956,S,4465,4.61,0.09,MILES2_field
216,HD036395,82.86415,-3.67723,S,3737,4.9,-1.5,MILES2_field
217,HD037160,84.22662,9.29067,S,4668,2.46,-0.5,MILES2_field
218,HD037394,85.33473,53.48106,S,5294,4.33,0.03,MILES2_field
219,HD037536,85.17521,31.92061,S,3789,0.7,-0.15,MILES2_field
220,HD037792,85.07262,-19.22716,S,6564,4.22,-0.44,MILES2_field
221,HD037828,85.22769,-11.20005,S,4296,1.14,-1.38,MILES2_field
222,HD037984,85.6193,1.47463,S,4397,2.49,-0.55,MILES2_field
223,HD038007,86.37447,52.16107,S,5665,4.04,-0.33,MILES2_field
224,HD038392,86.1106,-22.42188,S,4727,4.5,0.02,MILES2_field
225,HD038393,86.11579,-22.44838,S,6331,4.27,-0.05,MILES2_field
226,HD038545,86.8048,14.48832,S,8970,3.6,-0.3,MILES2_field
227,HD038656,87.29349,39.18107,S,4928,2.52,-0.22,MILES2_field
228,HD038751,87.25403,24.56753,S,4751,2.27,0.04,MILES2_field
229,HD039364,87.8304,-20.87909,S,4569,2.46,-0.9,MILES2_field
230,HD039801,88.79294,7.40706,S,3550,,0.03,MILES2_field
231,HD039833,88.75816,-0.50797,S,5761,3.85,0.29,MILES2_field
232,HD039853,88.68179,-11.77419,S,3994,1.0,-0.4,MILES2_field
233,HD039970,89.23383,24.24969,S,9400,1.43,,MILES2_field*
234,HD040657,90.01396,-3.07425,S,4370,2.19,-0.52,MILES2_field
235,HD041117,90.97994,20.13845,S,17463,2.7,,MILES2_field*
236,HD041312,90.81502,-26.28454,S,4000,0.93,-0.55,MILES2_field
237,HD041597,92.49589,58.93569,S,4700,2.38,-0.54,MILES2_field
238,HD041636,92.0964,41.05573,S,4709,2.5,-0.2,MILES2_field
239,HD041692,91.6614,-4.19384,S,14400,3.12,-0.4,MILES2_field
240,HD042182,92.39964,5.6689,S,5117,4.54,0.11,MILES2_field
241,HD042474,92.98437,23.20706,S,3789,0.7,-0.36,MILES2_field
242,HD042543,93.07958,22.90851,S,3614,,-0.42,MILES2_field
243,HD043042,93.71199,19.15645,S,6569,4.22,0.08,MILES2_field
244,HD043318,93.89277,-0.51219,S,6224,3.93,-0.15,MILES2_field
245,HD043378,94.90578,59.01096,S,9120,4.17,-0.32,MILES2_field
246,HD043380,94.57027,46.36044,S,4577,2.34,0.08,MILES2_field
247,HD043947,94.91739,16.01325,S,5912,4.23,-0.31,MILES2_field
248,HD044007,94.7022,-14.8454,S,4969,2.26,-1.47,MILES2_field
249,HD044030,95.14722,25.60814,S,4198,1.0,-0.5,MILES2_field
250,HD044691A,96.60765,56.2851,S,7950,3.95,0.35,MILES2_field
251,HD044889,95.99503,-9.06879,S,3775,0.4,-0.2,MILES2_field
252,HD045282,96.66989,3.42494,S,5348,3.24,-1.44,MILES2_field
253,HD045829,97.50956,7.92111,S,4500,0.2,,MILES2_field*
254,HD046341,98.1583,-6.48847,S,5750,4.1,-0.8,MILES2_field
255,HD046703,99.46844,53.51721,S,6000,0.4,-1.62,MILES2_field
256,HD047205,99.17099,-19.25588,S,4751,2.93,0.05,MILES2_field
257,HD047914,100.77071,44.52445,S,3975,1.5,0.05,MILES2_field
258,HD048329,100.98302,25.13112,S,4302,0.87,-0.02,MILES2_field
259,HD048433,100.99705,13.22802,S,4460,1.88,-0.25,MILES2_field
260,HD048565,101.22884,20.86065,S,5929,3.59,-0.7,MILES2_field
261,HD048682,101.68474,43.57743,S,5989,4.06,0.05,MILES2_field
262,HD049161,101.83263,8.03725,S,4176,1.69,0.08,MILES2_field
263,HD049331,101.90509,-8.9985,S,3600,0.7,-0.03,MILES2_field
264,HD049933,102.70763,-0.54088,S,6598,4.08,-0.29,MILES2_field
265,HD050420,103.81107,43.91003,S,7412,3.4,0.3,MILES2_field
266,HD050778,103.54749,-12.03863,S,4009,1.6,-0.27,MILES2_field
267,HD051440,104.76186,38.05232,S,4405,2.28,-0.35,MILES2_field
268,HD052005,105.06593,16.079,S,4117,0.2,-0.2,MILES2_field
269,HD052973,106.02722,20.5703,S,5659,1.37,0.34,MILES2_field
270,HD053927,107.01766,29.83449,S,4811,4.5,-0.74,MILES2_field
271,HD054605,107.09785,-26.3932,S,6268,0.97,0.1,MILES2_field
272,HD054719,107.78488,30.24516,S,4368,1.77,0.08,MILES2_field
273,HD054810,107.55701,-4.23711,S,4697,2.35,-0.3,MILES2_field
274,HD055496,108.04741,-22.9835,S,4800,2.8,-1.55,MILES2_field
275,HD055575,108.95891,47.23996,S,5857,4.39,-0.28,MILES2_field
276,HD055693,108.26114,-24.22557,S,5845,0.26,0.02,MILES2_field
277,HD056274,108.96165,-13.04948,S,5707,4.59,-0.65,MILES2_field
278,HD056577,109.15347,-23.31559,S,4372,1.25,-0.2,MILES2_field
279,HD057060,109.66825,-24.5587,S,35950,3.2,,MILES2_field*
280,HD057061,109.67703,-24.95438,S,32300,3.0,,MILES2_field*
281,HD057264,110.5109,36.76058,S,4620,2.72,-0.33,MILES2_field
282,HD058207,111.43165,27.79808,S,4788,2.55,-0.12,MILES2_field
283,HD058551,111.70939,21.53564,S,6165,4.18,-0.55,MILES2_field
284,HD059374,112.6209,18.96128,S,5800,4.4,-0.9,MILES2_field
285,HD059612,112.46422,-23.02429,S,8330,1.45,0.08,MILES2_field
286,HD059881,113.02479,1.91448,S,7636,3.09,0.2,MILES2_field
287,HD059984,113.02401,-8.88133,S,6000,4.31,-0.68,MILES2_field
288,HD060179,113.64952,31.88839,S,10286,4.0,0.48,MILES2_field
289,HD060219,113.1527,-21.93042,S,5900,1.83,-0.49,MILES2_field
290,HD060522,113.98061,26.89574,S,3884,1.2,0.12,MILES2_field
291,HD061064,114.31955,-4.11098,S,6495,3.2,0.4,MILES2_field
292,HD061603,115.24383,23.01853,S,3870,1.5,0.24,MILES2_field
293,HD061606,114.9972,-3.59751,S,4833,4.7,-0.15,MILES2_field
294,HD061772,115.09671,-15.26392,S,3996,1.47,-0.11,MILES2_field
295,HD061913,115.51341,14.2085,S,3530,0.7,,MILES2_field*
296,HD061935,115.3118,-9.55113,S,4779,2.5,-0.06,MILES2_field
297,HD062301,116.23413,39.55637,S,5888,4.18,-0.71,MILES2_field
298,HD062345,116.11189,24.39799,S,5017,2.63,-0.08,MILES2_field
299,HD062721,116.53103,18.51004,S,3961,1.52,-0.22,MILES2_field
300,HD063302,116.91053,-15.99069,S,4500,0.2,0.12,MILES2_field
301,HD063352,117.25765,13.37187,S,4226,2.2,-0.31,MILES2_field
302,HD063791,118.61968,62.13632,S,4629,1.76,-1.63,MILES2_field
303,HD064090,118.388,30.60507,S,5446,4.45,-1.76,MILES2_field
304,HD064332,118.27196,-11.62482,S,3500,0.5,-0.34,MILES2_field
305,HD064488,118.97797,39.28677,S,8616,3.35,-0.75,MILES2_field
306,HD064606,118.64241,-1.41226,S,5210,4.24,-0.97,MILES2_field
307,HD065228,119.21475,-22.88012,S,6115,1.7,0.52,MILES2_field
308,HD065583,120.13387,29.21236,S,5268,4.44,-0.56,MILES2_field
309,HD065714,120.23281,25.39284,S,4840,1.5,0.27,MILES2_field
310,HD065900,120.30788,4.87982,S,9692,4.0,0.24,MILES2_field
311,HD065953,120.30556,-1.39261,S,3960,1.68,-0.36,MILES2_field
312,HD066141,120.5664,2.33457,S,4258,1.9,-0.3,MILES2_field
313,HD066573,121.12435,9.26793,S,5733,4.38,-0.56,MILES2_field
314,HD067228,121.94107,21.58182,S,5745,4.08,0.1,MILES2_field
315,HD067523,121.88604,-24.30432,S,7010,3.15,0.34,MILES2_field
316,HD068284,122.95662,4.27454,S,5860,3.98,-0.57,MILES2_field
317,HD069267,124.12884,9.18554,S,4039,1.51,-0.12,MILES2_field
318,HD069611,124.37228,-3.98962,S,5793,4.32,-0.56,MILES2_field
319,HD069830,124.59978,-12.63217,S,5484,4.64,-0.13,MILES2_field
320,HD069897,125.01608,27.21771,S,6306,4.27,-0.25,MILES2_field
321,HD070272,125.70879,43.18813,S,3895,1.27,0.04,MILES2_field
322,HD071030,126.45782,17.04627,S,6516,4.03,-0.25,MILES2_field
323,HD072184,128.22908,38.01637,S,4624,2.61,0.12,MILES2_field
324,HD072324,128.25043,24.08479,S,4887,2.13,0.16,MILES2_field
325,HD072660,128.50674,-2.15155,S,9692,4.0,0.34,MILES2_field
326,HD072905,129.79877,65.02091,S,5864,4.48,-0.04,MILES2_field
327,HD073394,130.09393,51.75182,S,4500,1.1,-1.38,MILES2_field
328,HD073471,129.68932,3.34144,S,4489,2.01,0.11,MILES2_field
329,HD073593,130.25446,45.83401,S,4717,2.25,-0.12,MILES2_field
330,HD073665,130.02674,20.00779,S,4965,2.35,0.16,MILES2_field
331,HD073898,129.92697,-29.56108,S,5030,2.8,-0.43,MILES2_field
332,HD074000,130.21168,-16.34514,S,6166,4.19,-2.02,MILES2_field
333,HD074011,130.62841,34.1877,S,5727,4.29,-0.62,MILES2_field
334,HD074377,131.29332,41.67184,S,4913,4.63,-0.07,MILES2_field
335,HD074395,130.91822,-7.23373,S,5250,1.3,-0.05,MILES2_field
336,HD074442,131.17125,18.15431,S,4657,2.51,-0.06,MILES2_field
337,HD074462,132.08605,67.44997,S,4527,1.53,-1.41,MILES2_field
338,HD074721,131.49692,13.26351,S,8560,3.57,-1.42,MILES2_field
339,HD075318,132.33836,3.684,S,5422,4.5,-0.04,MILES2_field
340,HD075691,132.63301,-27.70984,S,4270,2.12,-0.05,MILES2_field
341,HD075732,133.14921,28.33082,S,5079,4.48,0.16,MILES2_field
342,HD076151,133.57478,-5.43446,S,5692,4.28,0.08,MILES2_field
343,HD076292,134.12715,40.20147,S,6840,3.61,0.41,MILES2_field
344,HD076780,134.73221,21.16628,S,5869,4.8,0.21,MILES2_field
345,HD076813,134.88606,32.41856,S,6072,4.2,-0.82,MILES2_field
346,HD076910,134.77493,-0.62385,S,6275,4.1,-0.5,MILES2_field
347,HD076932,134.68305,-16.13273,S,5866,3.96,-0.93,MILES2_field
348,HD077236,135.31165,-2.56158,S,4557,1.97,-0.42,MILES2_field
349,HD077338,135.30206,-25.52706,S,5290,4.75,0.26,MILES2_field
350,HD078209,137.21773,51.60465,S,7099,4.2,0.24,MILES2_field
351,HD078234,137.01732,32.5404,S,6775,3.78,-0.26,MILES2_field
352,HD078541,137.012,-25.85854,S,3890,1.55,-0.29,MILES2_field
353,HD078558,137.10516,-15.14479,S,5718,4.25,-0.38,MILES2_field
354,HD078732,137.39821,-8.78765,S,4900,2.0,0.24,MILES2_field
355,HD078737,137.26404,-27.03037,S,6350,3.8,-0.6,MILES2_field
356,HD079211,138.60291,52.68638,S,3769,4.71,-0.4,MILES2_field
357,HD079452,138.80936,34.63352,S,4829,2.43,-0.49,MILES2_field
358,HD079633,139.28125,51.32218,S,7099,4.15,-0.52,MILES2_field
359,HD079765,139.11295,18.81025,S,7000,4.15,-0.25,MILES2_field
360,HD080390,140.43037,56.69922,S,3430,1.02,,MILES2_field*
361,HD081009,140.7119,-9.8388,S,9164,4.0,0.31,MILES2_field
362,HD081029,140.81567,3.50139,S,6700,4.44,-0.01,MILES2_field
363,HD081192,141.1889,19.78663,S,4705,2.5,-0.62,MILES2_field
364,HD081797,141.89685,-8.6586,S,4120,1.54,-0.06,MILES2_field
365,HD081817,144.27203,81.32638,S,4030,1.64,0.15,MILES2_field
366,HD082074,142.38507,-4.24664,S,5055,3.3,-0.48,MILES2_field
367,HD082210,143.62025,69.83034,S,5198,3.19,-0.28,MILES2_field
368,HD082590,143.12621,-17.43575,S,6150,3.2,-1.29,MILES2_field
369,HD082734,143.30192,-21.11572,S,4709,2.65,0.3,MILES2_field
370,HD082885,143.91459,35.81013,S,5488,4.61,,MILES2_field*
371,HD083212,144.08314,-20.88743,S,4600,1.3,-1.4,MILES2_field
372,HD083425,144.6137,4.64929,S,4120,1.77,-0.29,MILES2_field
373,HD083506,145.73828,72.25262,S,4710,2.54,0.08,MILES2_field
374,HD083618,144.96401,-1.14281,S,4231,1.74,-0.08,MILES2_field
375,HD083632,145.1419,26.00388,S,4198,1.0,-1.0,MILES2_field
376,HD084441,146.4628,23.77425,S,5310,1.81,-0.13,MILES2_field
377,HD084737,147.14738,46.02101,S,5874,4.07,0.08,MILES2_field
378,HD084937,147.23374,13.74426,S,6228,4.01,-2.17,MILES2_field
379,HD085235,148.02648,54.06433,S,11200,3.55,-0.4,MILES2_field
380,HD085503,148.19091,26.00695,S,4472,2.33,0.23,MILES2_field
381,HD085773,148.41351,-22.83567,S,4463,0.97,-2.19,MILES2_field
382,HD086986,150.62319,14.557,S,7832,3.14,-1.4,MILES2_field
383,HD087140,151.17993,54.3454,S,5099,2.76,-1.7,MILES2_field
384,HD087141,151.15134,53.89172,S,6319,3.94,0.08,MILES2_field
385,HD087737,151.83313,16.76266,S,9730,1.97,-0.04,MILES2_field
386,HD087822,152.0662,31.60405,S,6533,4.18,0.1,MILES2_field
387,HD088230,152.84225,49.45424,S,3861,4.68,-0.93,MILES2_field
388,HD088446,153.07949,17.29918,S,5883,4.43,-0.45,MILES2_field
389,HD088609,153.62077,53.56093,S,4513,1.26,-2.64,MILES2_field
390,HD088725,153.53473,3.1513,S,5634,4.5,-0.65,MILES2_field
391,HD088737,153.62395,21.16806,S,5994,3.92,0.17,MILES2_field
392,HD088986,154.11701,28.68248,S,5800,4.07,0.01,MILES2_field
393,HD089010,154.13454,23.5031,S,5698,3.92,0.01,MILES2_field
394,HD089254,154.40751,-8.06891,S,7304,3.78,0.25,MILES2_field
395,HD089449,154.93403,19.47091,S,6493,4.06,0.21,MILES2_field
396,HD089484,154.99345,19.84126,S,4470,2.12,-0.38,MILES2_field
397,HD089707,155.20826,-15.47991,S,5957,4.37,-0.41,MILES2_field
398,HD089744,155.54401,41.22953,S,6219,3.95,0.23,MILES2_field
399,HD089822B,156.03269,65.56642,S,5538,2.44,0.51,MILES2_field
400,HD089995,155.81088,5.69426,S,6233,3.95,-0.34,MILES2_field
401,HD090508,157.01618,48.7849,S,5787,4.4,-0.21,MILES2_field
402,HD091347,158.46065,49.18617,S,5889,4.21,-0.47,MILES2_field
403,HD091889,159.13493,-12.23012,S,6067,4.15,-0.23,MILES2_field
404,HD092523,160.76683,69.07621,S,4045,1.88,-0.27,MILES2_field
405,HD093329,161.65268,11.18412,S,8075,2.8,-1.48,MILES2_field
406,HD093487,161.98139,23.33528,S,5250,1.8,-1.05,MILES2_field
407,HD094028,162.86719,20.27749,S,5941,4.21,-1.49,MILES2_field
408,HD095128,164.86656,40.43026,S,5813,4.34,0.04,MILES2_field
409,HD095578,165.45698,-2.48458,S,3700,1.22,-0.23,MILES2_field
410,HD095735,165.83414,35.96987,S,3828,4.9,-0.2,MILES2_field
411,HD096360,166.96995,68.36635,S,3550,0.5,-0.58,MILES2_field
412,HD097560,168.47824,39.97776,S,5250,2.0,-1.1,MILES2_field
413,HD097633,168.56002,15.42957,S,9509,3.45,0.28,MILES2_field
414,HD097855,169.0168,52.77316,S,6260,4.05,-1.03,MILES2_field
415,HD097907,168.96625,13.30758,S,4351,2.07,-0.1,MILES2_field
416,HD097916,168.97596,2.08669,S,6238,4.03,-0.99,MILES2_field
417,HD098468,170.00049,28.80758,S,,,,MILES2_field*
418,HD098553,170.04831,-19.57791,S,5890,4.37,-0.41,MILES2_field
419,HD099109,171.07232,-1.52908,S,5400,4.2,0.45,MILES2_field
420,HD099648,171.98433,2.85627,S,4850,1.9,0.36,MILES2_field
421,HD099747,172.26901,61.77837,S,6604,4.06,-0.51,MILES2_field
422,HD099998,172.57872,-3.0035,S,3939,1.8,-0.31,MILES2_field
423,HD100906,174.17671,-18.96961,S,4980,2.0,-1.02,MILES2_field
424,HD101227,174.77591,44.30564,S,5421,4.68,-0.4,MILES2_field
425,HD101501,175.26256,34.20164,S,5401,4.6,-0.13,MILES2_field
426,HD101606,175.39275,31.74606,S,6320,4.12,-0.75,MILES2_field
427,HD102224,176.51256,47.77941,S,4383,2.02,-0.46,MILES2_field
428,HD102328,176.73176,55.62819,S,4390,2.09,0.35,MILES2_field
429,HD102634,177.25534,-0.31867,S,6344,4.12,0.27,MILES2_field
430,HD102870,177.67383,1.76472,S,6109,4.2,0.17,MILES2_field
431,HD103095,178.24487,37.71868,S,5025,4.56,-1.36,MILES2_field
432,HD103578,178.91889,15.64682,S,8692,3.45,0.18,MILES2_field
433,HD103877,179.42664,17.46784,S,7341,4.0,0.4,MILES2_field
434,HD103932,179.4842,-27.70704,S,4510,4.57,0.16,MILES2_field
435,HD104304,180.18521,-10.44601,S,5478,4.15,0.18,MILES2_field
436,HD104307,180.17593,-21.8375,S,4451,2.0,-0.01,MILES2_field
437,HD104833,181.07739,-9.35832,S,7727,4.11,0.2,MILES2_field
438,HD105262,181.79511,12.98547,S,8542,1.5,-1.37,MILES2_field
439,HD105452,182.1034,-24.72888,S,7003,4.1,-0.6,MILES2_field
440,HD105546,182.26133,59.01809,S,5125,2.1,-1.5,MILES2_field
441,HD105740,182.57068,16.37038,S,4700,2.5,-0.51,MILES2_field
442,HD106038,183.00571,13.26128,S,5940,4.32,-1.43,MILES2_field
443,HD106516,183.79399,-10.3124,S,6199,4.36,-0.73,MILES2_field
444,HD107113,184.21391,86.43582,S,6399,4.07,-0.51,MILES2_field
445,HD107213,184.87303,28.15692,S,6298,4.01,0.29,MILES2_field
446,HD108177,186.39565,1.28396,S,6065,4.26,-1.68,MILES2_field
447,HD108564,187.07966,-16.91105,S,4594,4.67,-1.09,MILES2_field
448,HD108915,187.7039,12.48673,S,,,,MILES2_field*
449,HD109443,188.69472,-23.47561,S,6632,4.2,-0.65,MILES2_field
450,HD109871,189.55425,1.97989,S,,,,MILES2_field*
451,HD109995,189.69833,39.30878,S,8300,3.5,-1.99,MILES2_field
452,HD110014,189.81153,-7.99556,S,4379,1.37,0.11,MILES2_field
453,HD110379,190.41517,-1.44937,S,6875,4.46,-0.09,MILES2_field
454,HD110885,191.33023,1.05586,S,5253,2.4,-1.53,MILES2_field
455,HD110897,191.24752,39.27892,S,5830,4.23,-0.48,MILES2_field
456,HD111631,192.68153,-0.76813,S,3748,4.75,0.1,MILES2_field
457,HD111786,192.99123,-26.73827,S,7450,3.93,-1.6,MILES2_field
458,HD111980,193.31272,-18.52222,S,5600,3.7,-1.2,MILES2_field
459,HD112028,192.30691,83.4129,S,9480,3.3,,MILES2_field*
460,HD112127,193.48227,26.77999,S,4576,2.07,0.13,MILES2_field
461,HD112413,194.00695,38.31838,S,9944,3.85,0.31,MILES2_field
462,HD113022,195.1613,18.37301,S,6478,4.2,0.24,MILES2_field
463,HD113092,194.97946,66.59727,S,4283,1.95,-0.37,MILES2_field
464,HD113285,195.65826,5.18566,S,2924,,,MILES2_field*
465,HD114038,196.97422,-10.74041,S,4518,2.22,,MILES2_field*
466,HD114330,197.48746,-5.53901,S,9509,3.8,-0.01,MILES2_field
467,HD114606,197.83918,9.62598,S,5523,4.12,-0.69,MILES2_field
468,HD114642,198.01476,-16.1986,S,6249,3.9,-0.18,MILES2_field
469,HD114710,197.96831,27.87818,S,5975,4.4,0.09,MILES2_field
470,HD114946,198.5454,-19.93095,S,5171,3.64,0.13,MILES2_field
471,HD115383,199.19381,9.42416,S,5921,4.04,0.13,MILES2_field
472,HD115589,199.5564,-14.5821,S,5400,4.54,0.4,MILES2_field
473,HD115617,199.60131,-18.3112,S,5531,4.32,-0.01,MILES2_field
474,HD115659,199.7304,-23.17151,S,5087,3.02,-0.06,MILES2_field
475,HD116114,200.44295,-18.74212,S,8020,4.18,0.48,MILES2_field
476,HD116316,200.64229,26.1157,S,6428,4.18,-0.64,MILES2_field
477,HD116544,201.10065,-2.31526,S,4400,4.5,-0.2,MILES2_field
478,HD117176,202.10754,13.77879,S,5525,3.8,-0.09,MILES2_field
479,HD117200,201.76921,64.73553,S,6726,4.06,-0.02,MILES2_field
480,HD117635,202.91641,-2.3174,S,5080,3.94,-0.67,MILES2_field
481,HD117876,203.2009,24.34674,S,4782,2.25,-0.5,MILES2_field
482,HD118055,203.6663,-16.32298,S,4202,0.71,-1.91,MILES2_field
483,HD118100,203.68002,-8.34204,S,4179,4.5,-0.07,MILES2_field
484,HD118244,203.79757,22.49973,S,6404,4.18,-0.56,MILES2_field
485,HD119228,205.18447,54.68163,S,3661,1.55,0.3,MILES2_field
486,HD119288,205.55317,8.38839,S,6594,4.03,-0.46,MILES2_field
487,HD119291,205.60848,-1.68627,S,4475,4.56,0.1,MILES2_field
488,HD119667,206.18808,-3.53339,S,3700,1.0,-0.35,MILES2_field
489,HD120136,206.8156,17.45691,S,6438,4.15,0.25,MILES2_field
490,HD120933,207.94781,34.44424,S,3820,1.52,0.5,MILES2_field
491,HD121130,207.85808,64.72327,S,3672,1.25,-0.24,MILES2_field
492,HD121258,208.72759,-26.01577,S,6570,4.0,-0.92,MILES2_field
493,HD121299,208.67561,-1.50312,S,4696,2.29,0.04,MILES2_field
494,HD121370,208.67116,18.39772,S,5981,3.62,0.25,MILES2_field
495,HD122106,209.95533,-3.54979,S,6330,3.63,0.14,MILES2_field
496,HD122563,210.63269,9.6861,S,4566,1.12,-2.63,MILES2_field
497,HD122742,210.8848,10.78678,S,5492,4.56,-0.01,MILES2_field
498,HD122956,211.30427,-14.85707,S,4635,1.49,-1.75,MILES2_field
499,HD123299,211.09729,64.37585,S,10100,3.3,-0.56,MILES2_field
500,HD123657,211.98232,43.85445,S,3484,0.85,,MILES2_field*
501,HD123821,212.11438,51.59237,S,4963,3.02,0.1,MILES2_field
502,HD124186,212.813,32.29589,S,4347,2.1,0.24,MILES2_field
503,HD124292,213.1885,-3.32008,S,5391,4.5,-0.19,MILES2_field
504,HD124850,214.00362,-6.00055,S,6116,3.83,-0.11,MILES2_field
505,HD124897,213.9153,19.18241,S,4361,1.93,-0.53,MILES2_field
506,HD125184,214.50303,-7.54239,S,5536,3.92,0.15,MILES2_field
507,HD125451,214.81783,13.0043,S,6669,4.44,0.05,MILES2_field
508,HD126053,215.81369,1.24157,S,5662,4.5,-0.45,MILES2_field
509,HD126141,215.77842,25.33817,S,6748,4.48,0.04,MILES2_field
510,HD126218,216.20261,-24.80631,S,4921,2.81,0.09,MILES2_field
511,HD126327,216.04845,25.70372,S,3000,,-0.58,MILES2_field
512,HD126614,216.70117,-5.17778,S,5500,4.2,0.55,MILES2_field
513,HD126660,216.29915,51.85074,S,6202,3.84,-0.27,MILES2_field
514,HD126681,216.85379,-18.41124,S,5536,4.65,-1.25,MILES2_field
515,HD126778,216.72568,28.58901,S,4847,2.34,-0.61,MILES2_field
516,HD127243,217.15755,49.84485,S,4978,3.2,-0.59,MILES2_field
517,HD127334,217.40337,41.79591,S,5537,3.89,0.12,MILES2_field
518,HD128167,218.67007,29.74513,S,6722,4.38,-0.39,MILES2_field
519,HD128429,219.24907,-12.30535,S,6266,4.12,-0.13,MILES2_field
520,HD128801,219.70039,7.91121,S,10250,3.4,-1.2,MILES2_field
521,HD128959,220.18068,-26.7297,S,5763,3.5,-0.97,MILES2_field
522,HD129174,220.18153,16.41832,S,12416,3.76,-0.28,MILES2_field
523,HD130095,221.71339,-27.24832,S,8656,3.47,-1.65,MILES2_field
524,HD130322,221.88636,-0.28148,S,5349,4.72,0.04,MILES2_field
525,HD130694,222.57212,-27.96037,S,4040,1.62,-0.28,MILES2_field
526,HD130705,222.35898,10.04416,S,4336,2.1,0.41,MILES2_field
527,HD130817,222.2781,37.81118,S,6585,4.08,-0.46,MILES2_field
528,HD131430,223.58387,-24.6422,S,4190,1.95,0.1,MILES2_field
529,HD131918,224.19213,-11.4097,S,3970,1.49,0.22,MILES2_field
530,HD131976,224.3606,-21.41152,S,3506,4.73,,MILES2_field*
531,HD131977,224.36666,-21.41547,S,4501,4.7,0.02,MILES2_field
532,HD132142,223.79602,53.68035,S,5108,4.5,-0.55,MILES2_field
533,HD132345,224.72325,-11.14401,S,4374,1.6,0.25,MILES2_field
534,HD132475,224.95735,-22.01272,S,5545,3.72,-1.6,MILES2_field
535,HD132933,225.45383,-0.1403,S,3660,0.7,,MILES2_field*
536,HD133124,225.52712,25.00814,S,3955,1.48,0.05,MILES2_field
537,HD134063,226.81433,22.56436,S,4885,2.34,-0.68,MILES2_field
538,HD134083,226.82527,24.8692,S,6556,4.32,0.02,MILES2_field
539,HD134169,227.07524,3.9306,S,5798,3.87,-0.91,MILES2_field
540,HD134439,227.55453,-16.3794,S,4950,4.57,-1.49,MILES2_field
541,HD134440,227.55403,-16.46292,S,4740,4.5,-1.48,MILES2_field
542,HD134987,228.36945,-25.30935,S,5695,4.33,0.25,MILES2_field
543,HD135482,228.7973,4.93936,S,4615,2.57,0.13,MILES2_field
544,HD135485,228.93857,-14.69292,S,18667,4.3,1.65,MILES2_field
545,HD135722,228.87568,33.31483,S,4847,2.56,-0.44,MILES2_field
546,HD136064,228.65975,67.34672,S,6080,3.95,-0.04,MILES2_field
547,HD136202,229.82832,1.76541,S,6083,3.85,-0.08,MILES2_field
548,HD136726,229.27454,71.8239,S,4159,1.91,0.13,MILES2_field
549,HD136834,230.67728,1.41863,S,4765,4.32,0.2,MILES2_field
550,HD137071,230.65572,39.58146,S,3952,1.13,-0.21,MILES2_field
551,HD137391,231.12262,37.37717,S,7190,4.14,0.28,MILES2_field
552,HD137471,231.44749,15.42804,S,3810,1.1,0.07,MILES2_field
553,HD137510,231.47196,19.48071,S,5836,3.37,0.1,MILES2_field
554,HD137704,231.57243,34.336,S,4109,1.97,-0.37,MILES2_field
555,HD137759,231.23239,58.96607,S,4498,2.38,0.05,MILES2_field
556,HD137909,231.95721,29.1057,S,8541,4.25,0.82,MILES2_field
557,HD138290,232.73097,8.57909,S,6872,4.59,-0.05,MILES2_field
558,HD138481,232.73233,40.83305,S,3915,1.46,0.25,MILES2_field
559,HD138764,233.61047,-9.18342,S,13827,3.97,-0.13,MILES2_field
560,HD138776,233.5705,-2.72407,S,5700,4.2,0.48,MILES2_field
561,HD139195,234.12325,10.01018,S,4856,2.82,-0.04,MILES2_field
562,HD139446,234.72733,-19.30189,S,5080,2.7,-0.26,MILES2_field
563,HD139641,234.45666,40.35343,S,5030,2.99,-0.49,MILES2_field
564,HD139669,232.85387,77.34935,S,3895,1.41,-0.01,MILES2_field
565,HD140160,235.44756,12.84753,S,9164,3.3,-0.25,MILES2_field
566,HD140283,235.7629,-10.9335,S,5687,3.55,-2.53,MILES2_field
567,HD141004,236.61089,7.35307,S,5915,4.1,-0.01,MILES2_field
568,HD141714,237.39853,26.06839,S,5275,3.02,-0.29,MILES2_field
569,HD141851,237.81497,-3.0905,S,8246,3.89,-2.0,MILES2_field
570,HD142373,238.16892,42.45152,S,5821,4.13,-0.41,MILES2_field
571,HD142575,238.76182,5.07004,S,6550,3.6,-1.0,MILES2_field
572,HD142703,239.13906,-14.82944,S,7220,3.89,-1.02,MILES2_field
573,HD142860,239.11326,15.66162,S,6272,4.17,-0.16,MILES2_field
574,HD142908,238.94828,37.94696,S,6848,3.95,0.04,MILES2_field
575,HD143459,240.19847,-8.41135,S,8842,3.55,-1.26,MILES2_field
576,HD143761,240.26109,33.30351,S,5762,4.23,-0.2,MILES2_field
577,HD143807,240.36069,29.85106,S,11224,3.72,,MILES2_field*
578,HD144172,241.1233,0.67222,S,6302,4.02,-0.46,MILES2_field
579,HD144585,241.76404,-14.07129,S,5669,3.95,0.29,MILES2_field
580,HD144608,241.85136,-20.86876,S,5200,2.1,0.27,MILES2_field
581,HD144872,241.62333,38.63224,S,4739,4.65,-0.3,MILES2_field
582,HD145148,242.29673,6.37869,S,4849,3.45,0.09,MILES2_field
583,HD145250,242.75862,-29.41622,S,4540,2.51,-0.3,MILES2_field
584,HD145675,242.60131,43.81764,S,5264,4.66,0.34,MILES2_field
585,HD145976,243.18946,26.67058,S,6751,4.13,0.03,MILES2_field
586,HD146051,243.58641,-3.69432,S,3793,1.4,0.32,MILES2_field
587,HD146624,244.57458,-28.61402,S,9509,4.5,0.01,MILES2_field
588,HD147379B,244.1888,67.25625,S,3247,4.84,,MILES2_field*
589,HD147923,245.40097,56.87708,S,3600,0.8,-0.19,MILES2_field
590,HD148112,246.35397,14.03327,S,9333,3.0,,MILES2_field*
591,HD148513,247.14159,0.665,S,3989,1.67,0.11,MILES2_field
592,HD148786,247.78487,-16.61273,S,5141,2.64,,MILES2_field*
593,HD148816,247.61858,4.17822,S,5830,4.21,-0.73,MILES2_field
594,HD148897,247.63979,20.47919,S,4284,1.15,-0.5,MILES2_field
595,HD148898,248.03416,-21.46639,S,8400,3.5,-0.47,MILES2_field
596,HD149009,247.80596,22.19546,S,3910,1.6,0.3,MILES2_field
597,HD149121,248.14869,5.52122,S,11100,3.78,0.12,MILES2_field
598,HD149161,248.15122,11.48804,S,3927,1.39,-0.17,MILES2_field
599,HD149382,248.59722,-4.01445,S,36000,5.5,-1.3,MILES2_field
600,HD149661,249.08937,-2.32458,S,5168,4.7,0.04,MILES2_field
601,HD150012,249.45005,13.68703,S,6569,4.0,0.16,MILES2_field
602,HD150177,249.91304,-9.55459,S,6019,3.99,-0.57,MILES2_field
603,HD150275,247.66167,77.44651,S,4703,2.5,-0.5,MILES2_field
604,HD150281,249.95826,5.50721,S,4863,4.26,-0.29,MILES2_field
605,HD150453,250.47371,-19.92438,S,6449,3.84,-0.35,MILES2_field
606,HD151203,251.34383,15.74529,S,3640,0.7,-0.1,MILES2_field
607,HD151217,251.45788,8.58262,S,3987,1.52,-0.03,MILES2_field
608,HD152601,253.64872,-6.15398,S,4664,2.55,0.05,MILES2_field
609,HD152781,254.00768,-16.80626,S,4982,3.6,,MILES2_field*
610,HD153286,254.01902,47.37079,S,7522,3.5,0.17,MILES2_field
611,HD153882,255.38771,14.94972,S,8842,3.0,-0.25,MILES2_field
612,HD154733,256.5752,22.08415,S,4200,2.09,,MILES2_field*
613,HD155078,257.44979,-10.5233,S,6396,3.71,-0.1,MILES2_field
614,HD155358,257.39424,33.35585,S,5828,4.13,-0.67,MILES2_field
615,HD155763,257.19665,65.71468,S,13397,4.24,-0.95,MILES2_field
616,HD156026,259.05568,-26.54615,S,4541,4.54,-0.37,MILES2_field
617,HD156283,258.76181,36.80916,S,4163,1.42,-0.07,MILES2_field
618,HD157089,260.2794,1.44305,S,5785,4.12,-0.56,MILES2_field
619,HD157214,260.16486,32.46774,S,5682,4.25,-0.39,MILES2_field
620,HD157373,260.14074,48.18879,S,6422,4.07,-0.6,MILES2_field
621,HD157856,261.49115,-1.65178,S,6330,3.91,-0.14,MILES2_field
622,HD157881,261.43847,2.11142,S,4065,4.57,0.38,MILES2_field
623,HD157910,261.11298,36.95193,S,5631,1.83,-0.32,MILES2_field
624,HD157919,261.83864,-29.86703,S,6926,3.89,0.04,MILES2_field
625,HD159307,263.53508,-3.0556,S,6198,3.9,-0.73,MILES2_field
626,HD159332,263.3451,19.25668,S,6164,3.84,-0.21,MILES2_field
627,HD159482,263.67942,6.01432,S,5615,3.92,-1.08,MILES2_field
628,HD160693,264.90364,37.18375,S,5768,4.14,-0.61,MILES2_field
629,HD160762,264.86619,46.00633,S,19000,3.75,0.1,MILES2_field
630,HD160933,264.16642,69.57073,S,5684,3.9,-0.32,MILES2_field
631,HD161074,265.61817,24.56406,S,3980,1.73,-0.27,MILES2_field
632,HD161096,265.86814,4.5673,S,4550,2.55,0.09,MILES2_field
633,HD161149,265.84176,14.29517,S,6600,2.95,0.55,MILES2_field
634,HD161227,266.24686,-16.76291,S,7522,3.5,,MILES2_field*
635,HD161695,266.41764,31.50468,S,9950,2.2,-0.03,MILES2_field
636,HD161796,266.23112,50.0443,S,6666,0.6,-0.3,MILES2_field
637,HD161797,266.6147,27.72068,S,5411,3.87,0.16,MILES2_field
638,HD161817,266.66929,25.74915,S,7636,2.93,-0.95,MILES2_field
639,HD162211,267.20478,25.62287,S,4514,2.45,0.05,MILES2_field
640,HD163990,269.2022,45.35085,S,3365,0.7,0.01,MILES2_field
641,HD163993,269.44119,29.24788,S,5028,2.7,0.03,MILES2_field
642,HD164058,269.15154,51.48889,S,3902,1.32,-0.05,MILES2_field
643,HD164136,269.62562,30.18928,S,6799,2.63,-0.3,MILES2_field
644,HD164349,270.01423,16.75092,S,4446,1.5,0.39,MILES2_field
645,HD164353,270.16132,2.93157,S,13493,2.4,,MILES2_field*
646,HD164432,270.22025,6.26829,S,21311,3.65,-0.33,MILES2_field
647,HD164975,271.2551,-29.58009,S,6632,2.3,0.28,MILES2_field
648,HD165195,271.16697,3.77909,S,4471,1.11,-2.15,MILES2_field
649,HD165341,271.36369,2.5001,S,5158,4.67,0.03,MILES2_field
650,HD165438,271.56332,-4.75125,S,4862,3.4,0.02,MILES2_field
651,HD165634,272.02075,-28.45709,S,4820,2.76,-0.14,MILES2_field
652,HD165908,271.75641,30.56214,S,5928,4.24,-0.53,MILES2_field
653,HD166161,272.41952,-8.77934,S,4905,2.31,-1.25,MILES2_field
654,HD166208,271.86975,43.46189,S,4919,2.52,0.08,MILES2_field
655,HD166285,272.47506,3.11983,S,6348,4.13,-0.16,MILES2_field
656,HD166460,272.66792,3.32426,S,4424,2.1,,MILES2_field*
657,HD166620,272.4059,38.45778,S,4944,4.47,-0.23,MILES2_field
658,HD167006,272.97565,31.40535,S,3640,0.7,,MILES2_field*
659,HD167105,272.77629,50.79234,S,8550,3.3,-1.84,MILES2_field
660,HD167665,274.34897,-28.28897,S,6080,4.21,-0.21,MILES2_field
661,HD167768,274.22126,-3.0074,S,5235,1.61,-0.67,MILES2_field
662,HD168322,274.27839,40.93673,S,4792,2.0,-0.4,MILES2_field
663,HD168608,275.34578,-18.86,S,5475,1.0,0.02,MILES2_field
664,HD168720,275.07464,21.9613,S,3810,1.1,,MILES2_field*
665,HD168723,275.3275,-2.89882,S,4859,3.13,-0.19,MILES2_field
666,HD169027,274.24475,68.74146,S,11588,3.78,-0.17,MILES2_field
667,HD169985,276.80212,0.19611,S,5780,3.24,0.27,MILES2_field
668,HD170693,276.49641,65.56348,S,4394,2.32,-0.38,MILES2_field
669,HD170737,277.47546,26.65729,S,5150,3.0,-0.67,MILES2_field
670,HD171391,278.75997,-10.97721,S,5027,2.9,-0.16,MILES2_field
671,HD171443,278.80178,-8.24407,S,4189,1.84,-0.08,MILES2_field
672,HD171496,279.03122,-24.43647,S,4700,1.6,-0.91,MILES2_field
673,HD171999,279.49508,-6.80548,S,5031,4.65,-0.1,MILES2_field
674,HD172103,279.57917,-1.11299,S,6418,3.68,-0.22,MILES2_field
675,HD172365,279.90365,5.26429,S,5800,2.12,-0.36,MILES2_field
676,HD172380,279.52699,39.66833,S,3349,0.55,,MILES2_field*
677,HD172816,280.72958,-19.28421,S,3270,0.5,,MILES2_field*
678,HD172958,280.42213,31.61761,S,11300,3.75,,MILES2_field*
679,HD173093,280.96348,-6.81812,S,6268,4.09,-0.18,MILES2_field
680,HD173524,280.65814,55.53946,S,11944,3.78,0.28,MILES2_field
681,HD173648,281.19316,37.60511,S,8190,3.9,0.39,MILES2_field
682,HD173650,281.39841,21.98468,S,9540,3.0,0.12,MILES2_field
683,HD173667,281.41552,20.54631,S,6280,3.97,0.05,MILES2_field
684,HD173740,280.69543,59.62685,S,3365,4.93,-0.54,MILES2_field
685,HD173819,281.87063,-5.70515,S,4421,,-0.88,MILES2_field
686,HD174567,282.43369,31.62946,S,10200,3.55,0.15,MILES2_field
687,HD174704,283.02748,-9.08265,S,7412,3.5,0.6,MILES2_field
688,HD174912,282.85491,38.62657,S,5746,4.32,-0.48,MILES2_field
689,HD174959,282.90215,36.53909,S,14681,4.0,-0.8,MILES2_field
690,HD175225,282.89558,52.97512,S,5148,3.36,0.01,MILES2_field
691,HD175305,281.77683,74.7254,S,4899,2.3,-1.43,MILES2_field
692,HD175535,283.30644,50.70822,S,5066,2.55,-0.09,MILES2_field
693,HD175588,283.62618,36.89861,S,3550,0.6,,MILES2_field*
694,HD175640,284.09442,-1.79986,S,12050,3.9,-0.43,MILES2_field
695,HD175865,283.83376,43.94609,S,3420,0.5,0.14,MILES2_field
696,HD175892,284.60346,-22.52949,S,8816,4.22,,MILES2_field*
697,HD176232,284.69552,13.90665,S,7701,4.09,0.06,MILES2_field
698,HD176301,284.68773,19.79439,S,13100,3.5,,MILES2_field*
699,HD176437,284.73593,32.68956,S,10282,3.5,0.2,MILES2_field
700,HD177463,286.2403,-4.03142,S,4560,2.65,-0.25,MILES2_field
701,HD178089,284.48824,77.05082,S,6641,4.23,-0.08,MILES2_field
702,HD179761,288.42793,2.29371,S,13175,3.27,-0.14,MILES2_field
703,HD180163,288.43953,39.14597,S,17360,3.38,-0.01,MILES2_field
704,HD180711,288.13875,67.66154,S,4800,2.67,-0.12,MILES2_field
705,HD180928,289.7504,-15.53657,S,3969,1.3,-0.35,MILES2_field
706,HD181096,289.21411,46.9991,S,6276,4.09,-0.26,MILES2_field
707,HD181470,289.7548,37.44535,S,10012,3.58,-0.46,MILES2_field
708,HD182293,290.8009,20.27794,S,4486,3.0,0.18,MILES2_field
709,HD182572,291.2425,11.94442,S,5570,4.19,0.31,MILES2_field
710,HD183324,292.25412,1.95045,S,9260,4.22,-1.5,MILES2_field
711,HD184406,293.5223,7.37894,S,4520,2.41,0.01,MILES2_field
712,HD184499,293.36284,33.20186,S,5738,4.02,-0.66,MILES2_field
713,HD184786,293.42336,49.26232,S,3467,0.6,-0.04,MILES2_field
714,HD185144,293.08996,69.66118,S,5260,4.55,-0.24,MILES2_field
715,HD185351,294.15824,44.69494,S,4918,3.03,-0.07,MILES2_field
716,HD185657,294.48631,49.28442,S,4710,3.0,-0.45,MILES2_field
717,HD185859,295.11802,20.47707,S,21860,2.8,,MILES2_field*
718,HD186408,295.45397,50.52506,S,5815,4.3,0.09,MILES2_field
719,HD186427,295.46655,50.51752,S,5762,4.43,0.07,MILES2_field
720,HD187111,297.16489,-12.12215,S,4259,0.58,-1.83,MILES2_field
721,HD187216,291.0765,85.36588,S,3500,0.4,-2.48,MILES2_field
722,HD187691,297.75684,10.41573,S,6107,4.3,0.11,MILES2_field
723,HD187879,297.65553,40.59976,S,19676,3.4,1.25,MILES2_field
724,HD187921,297.87878,27.46023,S,6000,1.0,0.28,MILES2_field
725,HD188041,298.32807,-3.11446,S,8000,4.0,0.11,MILES2_field
726,HD188119,297.04313,70.26793,S,4915,2.61,-0.32,MILES2_field
727,HD188510,298.79033,10.74094,S,5490,4.69,-1.59,MILES2_field
728,HD188512,298.82831,6.40676,S,5041,3.04,-0.04,MILES2_field
729,HD188650,298.70105,36.99568,S,5764,2.9,-0.4,MILES2_field
730,HD188727,299.00527,16.6348,S,5685,1.6,,MILES2_field*
731,HD188947,299.07655,35.08342,S,4829,2.53,0.01,MILES2_field
732,HD189005,299.73833,-26.19577,S,5060,2.78,-0.38,MILES2_field
733,HD189558,300.25102,-12.25565,S,5786,3.85,-1.19,MILES2_field
734,HD189849,300.2752,27.75357,S,7972,3.59,0.08,MILES2_field
735,HD190178,301.20611,-28.27366,S,5993,3.0,-1.0,MILES2_field
736,HD190360,300.90586,29.89681,S,5441,3.89,0.25,MILES2_field
737,HD190390,301.27256,-11.59941,S,6440,1.55,-1.05,MILES2_field
738,HD190404,300.9672,23.34069,S,5051,4.45,-0.17,MILES2_field
739,HD190603,301.15073,32.2186,S,18800,2.41,,MILES2_field*
740,HD191026,301.5907,35.97247,S,5050,3.49,-0.1,MILES2_field
741,HD191046,301.62079,36.22664,S,4317,2.01,-0.65,MILES2_field
742,HD192577,303.40793,46.74135,S,4030,1.39,-0.31,MILES2_field
743,HD192640,303.63347,36.8063,S,8030,3.96,-1.19,MILES2_field
744,HD192907,302.22228,77.71142,S,10675,3.65,-0.05,MILES2_field
745,HD192909,303.86801,47.71421,S,3880,1.34,-0.43,MILES2_field
746,HD193281,305.11616,-29.19722,S,8080,3.58,-1.0,MILES2_field
747,HD194598,306.54966,9.45012,S,5887,4.27,-1.22,MILES2_field
748,HD194943,307.21506,-17.81369,S,6741,4.25,-0.16,MILES2_field
749,HD195633,308.09997,6.51757,S,6000,3.78,-0.77,MILES2_field
750,HD195838,308.54874,-13.72109,S,6012,4.03,-0.33,MILES2_field
751,HD196502,307.87672,74.95462,S,8842,3.9,0.28,MILES2_field
752,HD196544,309.45467,11.37768,S,9164,4.3,0.17,MILES2_field
753,HD196755,309.78243,10.0862,S,5611,3.65,-0.02,MILES2_field
754,HD197177,310.26059,32.30729,S,5150,2.3,0.64,MILES2_field
755,HD197461,310.86472,15.07458,S,7176,3.41,-0.3,MILES2_field
756,HD197572,310.8508,35.5878,S,5239,0.4,0.15,MILES2_field
757,HD197964,311.66459,16.1243,S,4813,3.03,0.17,MILES2_field
758,HD197989,311.55284,33.97026,S,4798,2.56,-0.1,MILES2_field
759,HD198001,311.91896,-9.49578,S,9470,3.64,0.07,MILES2_field
760,HD198149,311.3224,61.83878,S,5013,3.19,-0.19,MILES2_field
761,HD198183,311.85224,36.49072,S,14315,4.0,,MILES2_field*
762,HD198478,312.23455,46.11413,S,14900,2.19,-0.23,MILES2_field
763,HD199191,313.32631,54.5181,S,4767,2.25,-0.64,MILES2_field
764,HD199478,313.95751,47.41766,S,11200,1.9,,MILES2_field*
765,HD199799,314.47157,44.78815,S,3400,0.3,-0.24,MILES2_field
766,HD200527,315.60083,44.79098,S,3451,0.7,-0.04,MILES2_field
767,HD200580,316.03079,2.99448,S,5774,4.28,-0.65,MILES2_field
768,HD200779,316.33227,7.0693,S,4252,4.63,,MILES2_field*
769,HD200790,316.36133,5.9582,S,5928,4.13,-0.12,MILES2_field
770,HD200905,316.23276,43.92785,S,3899,0.91,-0.2,MILES2_field
771,HD201078,316.62602,31.18466,S,6157,1.65,0.13,MILES2_field
772,HD201091,316.72476,38.74942,S,4342,4.56,-0.05,MILES2_field
773,HD201601,317.58542,10.13158,S,7657,3.92,0.07,MILES2_field
774,HD201889,317.99801,24.16817,S,5618,4.08,-0.95,MILES2_field
775,HD201891,317.99597,17.72775,S,5854,4.45,-1.11,MILES2_field
776,HD202109,318.23411,30.22692,S,4914,2.42,-0.04,MILES2_field
777,HD202447,318.95597,5.24784,S,5980,3.24,0.09,MILES2_field
778,HD202671,319.48869,-17.98514,S,15273,4.2,1.2,MILES2_field
779,HD203638,321.03997,-20.85187,S,4500,2.72,0.02,MILES2_field
780,HD204041,321.46493,0.53434,S,8100,4.03,-0.98,MILES2_field
781,HD204075,321.66678,-22.41133,S,5220,1.55,-0.45,MILES2_field
782,HD204155,321.67877,5.44164,S,5608,4.24,-0.9,MILES2_field
783,HD204381,322.18083,-21.80718,S,5060,3.01,-0.28,MILES2_field
784,HD204543,322.36756,-3.51538,S,4617,1.31,-1.76,MILES2_field
785,HD204587,322.51147,-12.51007,S,4035,4.67,,MILES2_field*
786,HD204613,321.92903,57.32191,S,5727,3.84,-0.51,MILES2_field
787,HD204754,322.21974,55.4187,S,12923,3.5,-0.28,MILES2_field
788,HD205021,322.16499,70.56072,S,26740,4.16,-0.23,MILES2_field
789,HD205153,323.53828,-27.9012,S,5947,3.7,-0.02,MILES2_field
790,HD205435,323.49522,45.59184,S,5071,2.74,-0.16,MILES2_field
791,HD205512,323.69402,38.53405,S,4634,2.57,0.03,MILES2_field
792,HD206078,324.29343,62.30424,S,4658,2.87,-0.48,MILES2_field
793,HD206165,324.4801,62.08194,S,17760,2.65,-0.33,MILES2_field
794,HD206453,325.66461,-18.86632,S,5092,3.12,-0.5,MILES2_field
795,HD206778,326.04649,9.87501,S,4461,1.2,0.04,MILES2_field
796,HD206826,326.03579,28.74261,S,6300,4.32,-0.22,MILES2_field
797,HD206952,325.48039,71.31142,S,4664,2.33,0.14,MILES2_field
798,HD207076,326.6327,-2.21276,S,2750,,,MILES2_field*
799,HD207130,325.76684,72.32008,S,4733,2.64,-0.05,MILES2_field
800,HD207222,326.73441,21.29744,S,8542,3.5,-1.15,MILES2_field
801,HD207260,326.36219,61.12081,S,9450,2.09,,MILES2_field*
802,HD207330,326.69837,49.30957,S,18351,3.49,-0.1,MILES2_field
803,HD207673,327.41706,41.14879,S,9071,1.39,-0.08,MILES2_field
804,HD208501,328.72148,56.61123,S,12200,2.2,,MILES2_field*
805,HD208906,329.67014,29.81263,S,5965,4.2,-0.74,MILES2_field
806,HD209369,329.81236,73.1799,S,6288,3.9,-0.28,MILES2_field
807,HD209459,330.8293,11.38655,S,10475,3.5,-0.15,MILES2_field
808,HD209975,331.28662,62.27981,S,30274,3.3,0.3,MILES2_field
809,HD210295,332.42269,-13.60541,S,4769,2.2,-1.39,MILES2_field
810,HD210424,332.65618,-11.56494,S,13860,4.0,-0.26,MILES2_field
811,HD210595,332.73963,24.48861,S,6270,2.93,-0.72,MILES2_field
812,HD210705,333.10732,-14.19396,S,6806,3.99,-0.21,MILES2_field
813,HD210745,332.71365,58.20126,S,4274,-0.2,0.22,MILES2_field
814,HD211075,333.58349,18.02038,S,4350,1.5,-0.54,MILES2_field
815,HD212454,335.75078,57.28461,S,15512,4.1,0.7,MILES2_field
816,HD212943,336.96468,4.69566,S,4586,2.81,-0.34,MILES2_field
817,HD213042,337.31349,-30.01841,S,4760,4.58,0.25,MILES2_field
818,HD213119,337.28326,9.12903,S,3910,1.59,-0.21,MILES2_field
819,HD213307,337.28854,58.4041,S,5864,1.65,0.07,MILES2_field
820,HD213470,337.57793,57.22545,S,8800,1.38,,MILES2_field*
821,HD214080,339.02682,-16.38799,S,22186,3.3,-0.2,MILES2_field
822,HD214567,339.71913,19.52226,S,5038,2.5,0.03,MILES2_field
823,HD214714,339.89305,37.59282,S,5360,2.64,-0.38,MILES2_field
824,HD214994,340.4392,29.30764,S,9608,3.65,0.08,MILES2_field
825,HD215648,341.67325,12.17289,S,6167,4.04,-0.32,MILES2_field
826,HD216131,342.5008,24.60158,S,5018,2.78,-0.09,MILES2_field
827,HD216143,342.62954,-6.91376,S,4496,1.27,-2.15,MILES2_field
828,HD216174,342.44298,55.90278,S,4390,2.23,-0.53,MILES2_field
829,HD216219,342.7173,18.00211,S,5727,3.36,-0.39,MILES2_field
830,HD216228,342.42007,66.20041,S,4768,2.49,0.01,MILES2_field
831,HD216385,343.10031,9.83566,S,6179,3.98,-0.35,MILES2_field
832,HD216640,343.68945,-16.27196,S,4568,2.74,0.22,MILES2_field
833,HD216831,343.93545,36.35139,S,12923,3.8,0.4,MILES2_field
834,HD216916,344.09846,41.60388,S,22989,3.9,-0.23,MILES2_field
835,HD217014,344.36659,20.76883,S,5729,4.12,0.11,MILES2_field
836,HD217107,344.56476,-2.39538,S,5548,4.28,0.31,MILES2_field
837,HD217382,343.60403,84.34618,S,4070,1.78,-0.11,MILES2_field
838,HD217754,345.63907,31.7816,S,7074,3.56,0.1,MILES2_field
839,HD218031,346.04576,50.05209,S,4646,2.52,-0.14,MILES2_field
840,HD218235,346.57558,18.51777,S,6490,4.08,0.16,MILES2_field
841,HD218329,346.75108,9.40949,S,3810,1.1,,MILES2_field*
842,HD218502,347.16405,-15.05332,S,6030,3.76,-1.84,MILES2_field
843,HD218640,347.47875,-22.45761,S,5640,3.62,0.27,MILES2_field
844,HD218804,347.61334,43.54423,S,6261,4.05,-0.23,MILES2_field
845,HD218857,347.85248,-16.25112,S,5082,2.41,-1.93,MILES2_field
846,HD219116,348.376,-17.36909,S,5300,3.5,-0.34,MILES2_field
847,HD219134,348.32073,57.16835,S,4717,4.5,0.05,MILES2_field
848,HD219449,348.97289,-9.08774,S,4578,2.39,-0.09,MILES2_field
849,HD219615,349.29141,3.28229,S,4830,2.57,-0.42,MILES2_field
850,HD219617,349.27101,-13.85099,S,5878,4.04,-1.39,MILES2_field
851,HD219623,349.17626,53.21348,S,6155,4.17,-0.04,MILES2_field
852,HD219734,349.43603,49.0153,S,3730,0.9,0.27,MILES2_field
853,HD219916,349.65622,68.11144,S,5110,3.14,-0.07,MILES2_field
854,HD219978,349.84905,62.73978,S,4242,0.8,-0.15,MILES2_field
855,HD220009,350.08576,5.38131,S,4418,2.25,-0.56,MILES2_field
856,HD220575,351.14546,41.11291,S,12293,3.7,0.5,MILES2_field
857,HD220825,351.73315,1.25561,S,10286,3.7,-0.18,MILES2_field
858,HD220933,351.91828,25.16728,S,10723,3.8,0.8,MILES2_field
859,HD220954,351.99206,6.37899,S,4664,2.37,-0.1,MILES2_field
860,HD221148,352.38367,-4.53275,S,4643,3.05,0.3,MILES2_field
861,HD221170,352.37004,30.43273,S,4465,1.04,-2.1,MILES2_field
862,HD221345,352.82256,39.2362,S,4731,2.63,-0.31,MILES2_field
863,HD221377,352.83219,52.41069,S,5998,3.8,-1.12,MILES2_field
864,HD221756,353.6564,40.23644,S,9020,3.91,-0.5,MILES2_field
865,HD221830,353.87039,31.01717,S,5688,4.16,-0.44,MILES2_field
866,HD222368,354.98767,5.62629,S,6170,4.09,-0.15,MILES2_field
867,HD222404,354.83687,77.63228,S,4769,2.98,-0.01,MILES2_field
868,HD222451,355.16932,36.72077,S,6630,4.16,,MILES2_field*
869,HD223047,356.50853,46.42028,S,4990,1.5,0.17,MILES2_field
870,HD223385,357.20905,62.21452,S,9333,1.0,,MILES2_field*
871,HD223524,357.56138,-9.97414,S,4609,4.2,0.07,MILES2_field
872,HD223640,357.83891,-18.90916,S,12462,3.55,0.31,MILES2_field
873,HD224458,359.52604,29.97664,S,4722,2.2,-0.49,MILES2_field
874,HD224930,0.54231,27.08226,S,5305,4.49,-0.75,MILES2_field
875,HD225212,1.12549,-10.50952,S,4166,0.95,0.02,MILES2_field
876,HD225239,1.224,34.6598,S,5775,4.0,-0.45,MILES2_field
877,HD232078,294.5503,16.80712,S,3983,0.3,-1.73,MILES2_field
878,HD233511,124.84405,54.086,S,5900,4.2,-1.7,MILES2_field
879,HD233666,145.58114,53.47393,S,5295,2.5,-1.51,MILES2_field
880,HD233832,171.52285,50.37578,S,4904,4.37,-0.74,MILES2_field
881,HD234677,278.48239,51.71914,S,4200,4.5,0.05,MILES2_field
882,HD237846,148.16118,57.91628,S,4957,1.79,-2.59,MILES2_field
883,HD237903,157.60546,55.99912,S,4070,4.7,-0.18,MILES2_field
884,HD250792,90.81193,19.36074,S,5440,4.29,-1.21,MILES2_field
885,HD251611,91.48974,7.31754,S,5353,3.75,-1.7,MILES2_field
886,HD281679,62.32077,30.77596,S,8542,2.5,-1.43,MILES2_field
887,HD284248,63.64798,22.35118,S,6025,4.2,-1.6,MILES2_field
888,HD285690,64.58031,16.08834,S,4790,4.6,0.13,MILES2_field
889,HD285773,67.38169,17.89318,S,5208,4.46,-0.05,MILES2_field
890,HD293857,77.79032,-4.18177,S,5450,4.5,,MILES2_field*
891,HD338529,293.13296,26.39059,S,6165,4.06,-2.25,MILES2_field
892,HD345957,302.70067,23.96514,S,5702,3.87,-1.51,MILES2_field
893,LHS1930,113.72066,-10.38613,S,5350,4.5,-1.24,MILES2_field
894,MS0515.4-0710,79.47833,-7.13111,S,4570,3.5,0.16,MILES2_field
895,MS1558.4-2232,240.35677,-22.67787,S,4250,3.5,0.1,MILES2_field
